<measure>
  <schema_version>3.0</schema_version>
  <name>process_heatingand_cooling_seasons</name>
  <uid>5103ca65-8462-4633-a65f-02954f4c929f</uid>
  <version_id>e7f52519-509b-48b8-a0c7-5702d0f39495</version_id>
  <xml_checksum>EACB548E</xml_checksum>
  <class_name>ProcessHeatingandCoolingSeasons</class_name>
  <display_name>ProcessHeatingandCoolingSeasons</display_name>
  <description>This measure creates the heating season and cooling season schedules based on weather data.</description>
  <modeler_description>This measure creates HeatingSeasonSchedule and CoolingSeasonSchedule ruleset objects. Schedule values are populated based on information contained in the EPW file.</modeler_description>
  <arguments/>
  <provenances/>
  <tags>
    <tag>Envelope.Infiltration</tag>
  </tags>
  <attributes>
    <attribute>
      <name>Measure Type</name>
      <value>ModelMeasure</value>
      <datatype>string</datatype>
    </attribute>
    <attribute>
      <name>Uses SketchUp API</name>
      <value>false</value>
      <datatype>boolean</datatype>
    </attribute>
  </attributes>
  <files>
    <file>
      <filename>ProcessHeatingandCoolingSeasons_Test.rb</filename>
      <filetype>rb</filetype>
      <usage_type>test</usage_type>
      <checksum>4B4BF8C9</checksum>
    </file>
    <file>
      <filename>util.rb</filename>
      <filetype>rb</filetype>
      <usage_type>resource</usage_type>
      <checksum>3D1ABA94</checksum>
    </file>
    <file>
      <version>
        <software_program>OpenStudio</software_program>
        <identifier>1.4.0</identifier>
        <min_compatible>1.4.0</min_compatible>
      </version>
      <filename>measure.rb</filename>
      <filetype>rb</filetype>
      <usage_type>script</usage_type>
      <checksum>0D78737D</checksum>
    </file>
    <file>
      <filename>weather.rb</filename>
      <filetype>rb</filetype>
      <usage_type>resource</usage_type>
      <checksum>A38F0058</checksum>
    </file>
    <file>
      <filename>sim.rb</filename>
      <filetype>rb</filetype>
      <usage_type>resource</usage_type>
      <checksum>4719A345</checksum>
    </file>
  </files>
</measure>
