<measure>
  <schema_version>3.0</schema_version>
  <name>residential_cooking_range</name>
  <uid>246da4be-4924-41f5-8de0-177b42b7d6b5</uid>
  <version_id>03131ef6-69f1-4fcd-ac06-b36bcee6e530</version_id>
  <xml_checksum>126F1C43</xml_checksum>
  <class_name>ResidentialCookingRange</class_name>
  <display_name>ResidentialCookingRange</display_name>
  <description>Adds a cooking range to the building. The range can use either gas or electricity. If there is already a gas or electric range in the building, it is replaced with the user selected range. Users can specify either the annual energy use (in kWh/yr), Benchmark multiplier, or the cooktop and oven energy factors. Users can also sepcify if the gas range uses a glo bar for ignition. Energy use for cases other than simple depends on the number of bedrooms as a way to determine how often the range is use. From BEopt, typical oven and cooktop energy factors for a typical electric range are O_EF = 0.11, C_EF = 0.74. For an induction range, O_EF = 0.11, C_EF = 0.84. For a gas range, O_EF = 0.058, C_EF = 0.4.</description>
  <modeler_description>Adds a new Electric Equipment or Gas Equipment object with a typical range schedule (the default defined in the Building America House Simulation Protocols: http://energy.gov/sites/prod/files/2014/03/f13/house_simulation_protocols_2014.pdf). If a gas range with a glo bar is selected, the model will have a separate Electric Equipment object to capture it's energy consumption.</modeler_description>
  <arguments>
    <argument>
      <name>selected_range</name>
      <display_name>Cooking Range Energy Consumption Option</display_name>
      <type>Choice</type>
      <required>true</required>
      <model_dependent>false</model_dependent>
      <choices>
        <choice>
          <value>Benchmark</value>
          <display_name>Benchmark</display_name>
        </choice>
        <choice>
          <value>Detailed</value>
          <display_name>Detailed</display_name>
        </choice>
        <choice>
          <value>Simple</value>
          <display_name>Simple</display_name>
        </choice>
      </choices>
    </argument>
    <argument>
      <name>range_fuel</name>
      <display_name>Cooking Range Fuel</display_name>
      <type>Choice</type>
      <required>true</required>
      <model_dependent>false</model_dependent>
      <choices>
        <choice>
          <value>Gas</value>
          <display_name>Gas</display_name>
        </choice>
        <choice>
          <value>Electricity</value>
          <display_name>Electricity</display_name>
        </choice>
      </choices>
    </argument>
    <argument>
      <name>range_E</name>
      <display_name>Simple Range Annual Energy Consumption (kWh/yr or therms/yr)</display_name>
      <type>Double</type>
      <required>true</required>
      <model_dependent>false</model_dependent>
      <default_value>0</default_value>
    </argument>
    <argument>
      <name>BAB_mult</name>
      <display_name>Building America Benchmark Multipler</display_name>
      <type>Double</type>
      <required>true</required>
      <model_dependent>false</model_dependent>
      <default_value>1</default_value>
    </argument>
    <argument>
      <name>Num_Br</name>
      <display_name>Number of Bedrooms</display_name>
      <type>Integer</type>
      <required>true</required>
      <model_dependent>false</model_dependent>
      <default_value>1</default_value>
    </argument>
    <argument>
      <name>O_ef</name>
      <display_name>Oven Energy Factor</display_name>
      <type>Double</type>
      <required>true</required>
      <model_dependent>false</model_dependent>
      <default_value>0</default_value>
    </argument>
    <argument>
      <name>C_ef</name>
      <display_name>Cooktop Energy Factor</display_name>
      <type>Double</type>
      <required>true</required>
      <model_dependent>false</model_dependent>
      <default_value>0</default_value>
    </argument>
    <argument>
      <name>Glo_Bar</name>
      <display_name>Has glo bar ignition</display_name>
      <type>Boolean</type>
      <required>true</required>
      <model_dependent>false</model_dependent>
      <choices>
        <choice>
          <value>true</value>
          <display_name>true</display_name>
        </choice>
        <choice>
          <value>false</value>
          <display_name>false</display_name>
        </choice>
      </choices>
    </argument>
    <argument>
      <name>space_type</name>
      <display_name>Select the space where the cooking range is located</display_name>
      <type>Choice</type>
      <required>true</required>
      <model_dependent>false</model_dependent>
    </argument>
  </arguments>
  <provenances/>
  <tags>
    <tag>Equipment.Electric Equipment</tag>
  </tags>
  <attributes>
    <attribute>
      <name>Measure Type</name>
      <value>ModelMeasure</value>
      <datatype>string</datatype>
    </attribute>
    <attribute>
      <name>Uses SketchUp API</name>
      <value>false</value>
      <datatype>boolean</datatype>
    </attribute>
  </attributes>
  <files>
    <file>
      <filename>ResidentialCookingRange_Test.rb</filename>
      <filetype>rb</filetype>
      <usage_type>test</usage_type>
      <checksum>8CE5D019</checksum>
    </file>
    <file>
      <version>
        <software_program>OpenStudio</software_program>
        <identifier>1.4.0</identifier>
        <min_compatible>1.4.0</min_compatible>
      </version>
      <filename>measure.rb</filename>
      <filetype>rb</filetype>
      <usage_type>script</usage_type>
      <checksum>33EB6C75</checksum>
    </file>
    <file>
      <filename>util.rb</filename>
      <filetype>rb</filetype>
      <usage_type>resource</usage_type>
      <checksum>3D1ABA94</checksum>
    </file>
    <file>
      <filename>sim.rb</filename>
      <filetype>rb</filetype>
      <usage_type>resource</usage_type>
      <checksum>5E03A9C7</checksum>
    </file>
    <file>
      <filename>weather.rb</filename>
      <filetype>rb</filetype>
      <usage_type>resource</usage_type>
      <checksum>A38F0058</checksum>
    </file>
  </files>
</measure>
