<measure>
  <schema_version>3.0</schema_version>
  <name>process_constructions_interior_uninsulated_floors</name>
  <uid>477cfef1-0c37-4b16-9cfd-82d617472e43</uid>
  <version_id>edf5f957-74b6-45a0-a1a6-43dc1b11460e</version_id>
  <xml_checksum>1E963D9C</xml_checksum>
  <class_name>ProcessConstructionsInteriorUninsulatedFloors</class_name>
  <display_name>ProcessConstructionsInteriorUninsulatedFloors</display_name>
  <description>This measure creates uninsulated constructions for the floors between living spaces and the floors between the living space and finished basement.</description>
  <modeler_description>Calculates material layer properties of uninsulated constructions for the floors between living spaces and the floors between the living space and finished basement. Finds surfaces adjacent to the living space and finished basement and sets applicable constructions.</modeler_description>
  <arguments>
    <argument>
      <name>selectedliving</name>
      <display_name>Of what space type is the living space?</display_name>
      <type>Choice</type>
      <required>true</required>
      <model_dependent>false</model_dependent>
    </argument>
    <argument>
      <name>selectedfbsmt</name>
      <display_name>Of what space type is the finished basement?</display_name>
      <type>Choice</type>
      <required>false</required>
      <model_dependent>false</model_dependent>
    </argument>
    <argument>
      <name>selectedgypsum</name>
      <display_name>Interior finish (gypsum) of cavity. For manually entering interior finish properties of cavity, leave blank.</display_name>
      <type>Choice</type>
      <required>false</required>
      <model_dependent>false</model_dependent>
    </argument>
    <argument>
      <name>userdefinedgypthickness</name>
      <display_name>Thickness of drywall layers [in].</display_name>
      <type>Double</type>
      <required>false</required>
      <model_dependent>false</model_dependent>
    </argument>
    <argument>
      <name>userdefinedgyplayers</name>
      <display_name>Number of drywall layers.</display_name>
      <type>Double</type>
      <required>false</required>
      <model_dependent>false</model_dependent>
    </argument>
    <argument>
      <name>selectedfloormass</name>
      <display_name>Floor mass. For manually entering floor mass properties, leave blank.</display_name>
      <type>Choice</type>
      <required>false</required>
      <model_dependent>false</model_dependent>
    </argument>
    <argument>
      <name>userdefinedfloormassth</name>
      <display_name>Floor mass thickness [in].</display_name>
      <type>Double</type>
      <required>false</required>
      <model_dependent>false</model_dependent>
      <default_value>0.625</default_value>
    </argument>
    <argument>
      <name>userdefinedfloormasscond</name>
      <display_name>Floor mass conductivity [Btu-in/h-ft^2-R].</display_name>
      <type>Double</type>
      <required>false</required>
      <model_dependent>false</model_dependent>
      <default_value>0.8004</default_value>
    </argument>
    <argument>
      <name>userdefinedfloormassdens</name>
      <display_name>Floor mass density [lb/ft^3].</display_name>
      <type>Double</type>
      <required>false</required>
      <model_dependent>false</model_dependent>
      <default_value>34</default_value>
    </argument>
    <argument>
      <name>userdefinedfloormasssh</name>
      <display_name>Floor mass specific heat [Btu/lb-R].</display_name>
      <type>Double</type>
      <required>false</required>
      <model_dependent>false</model_dependent>
      <default_value>0.29</default_value>
    </argument>
    <argument>
      <name>selectedcarpet</name>
      <display_name>Carpet. For manually entering carpet properties, leave blank.</display_name>
      <type>Choice</type>
      <required>false</required>
      <model_dependent>false</model_dependent>
    </argument>
    <argument>
      <name>userdefinedcarpetr</name>
      <display_name>Carpet pad R-value [hr-ft^2-R/Btu].</display_name>
      <type>Double</type>
      <required>false</required>
      <model_dependent>false</model_dependent>
      <default_value>2.08</default_value>
    </argument>
    <argument>
      <name>userdefinedcarpetfrac</name>
      <display_name>Carpet floor fraction [frac].</display_name>
      <type>Double</type>
      <required>false</required>
      <model_dependent>false</model_dependent>
      <default_value>0.8</default_value>
    </argument>
  </arguments>
  <provenances/>
  <tags>
    <tag>Envelope.Opaque</tag>
  </tags>
  <attributes>
    <attribute>
      <name>Measure Type</name>
      <value>ModelMeasure</value>
      <datatype>string</datatype>
    </attribute>
    <attribute>
      <name>Uses SketchUp API</name>
      <value>false</value>
      <datatype>boolean</datatype>
    </attribute>
  </attributes>
  <files>
    <file>
      <filename>ProcessConstructionsInteriorUninsulatedFloors_Test.rb</filename>
      <filetype>rb</filetype>
      <usage_type>test</usage_type>
      <checksum>99EA63E5</checksum>
    </file>
    <file>
      <version>
        <software_program>OpenStudio</software_program>
        <identifier>1.4.0</identifier>
        <min_compatible>1.4.0</min_compatible>
      </version>
      <filename>measure.rb</filename>
      <filetype>rb</filetype>
      <usage_type>script</usage_type>
      <checksum>852B9521</checksum>
    </file>
    <file>
      <filename>sim.rb</filename>
      <filetype>rb</filetype>
      <usage_type>resource</usage_type>
      <checksum>AE5EF352</checksum>
    </file>
    <file>
      <filename>util.rb</filename>
      <filetype>rb</filetype>
      <usage_type>resource</usage_type>
      <checksum>3D1ABA94</checksum>
    </file>
    <file>
      <filename>weather.rb</filename>
      <filetype>rb</filetype>
      <usage_type>resource</usage_type>
      <checksum>6EA4777E</checksum>
    </file>
  </files>
</measure>
