<measure>
  <schema_version>3.0</schema_version>
  <name>residential_clothes_washerand_dryer</name>
  <uid>0b112141-4e2e-4dad-b2fd-2d1f629391f0</uid>
  <version_id>78284da8-5c8c-4431-8f68-86a5c6f30a46</version_id>
  <xml_checksum>126F1C43</xml_checksum>
  <class_name>ResidentialClothesWasherandDryer</class_name>
  <display_name>ResidentialClothesWasherandDryer</display_name>
  <description>This measure adds a residential clothes washer and dryer. The user can specify how the energy consumption is calculated (using benchmark assumptions or a detailed calculation methond). Users must also specify which space the washer and dryer are installed in (the are assumed to be colocated).</description>
  <modeler_description>Adds or replaces equipment objects. The dryer can be either gas or electric, and will add the appropriate "GasEquipment" and/or "ElectricEquipment" objects. The washer is always electric. The schedules used are based on the BA HSP.</modeler_description>
  <arguments>
    <argument>
      <name>selected_cd</name>
      <display_name>Clothes Dryer Energy Consumption Option</display_name>
      <type>Choice</type>
      <required>true</required>
      <model_dependent>false</model_dependent>
      <choices>
        <choice>
          <value>Benchmark</value>
          <display_name>Benchmark</display_name>
        </choice>
        <choice>
          <value>Detailed</value>
          <display_name>Detailed</display_name>
        </choice>
      </choices>
    </argument>
    <argument>
      <name>cd_fuel</name>
      <display_name>Clothes Dryer Fuel</display_name>
      <type>Choice</type>
      <required>true</required>
      <model_dependent>false</model_dependent>
      <default_value>Electricity</default_value>
      <choices>
        <choice>
          <value>Gas</value>
          <display_name>Gas</display_name>
        </choice>
        <choice>
          <value>Electricity</value>
          <display_name>Electricity</display_name>
        </choice>
      </choices>
    </argument>
    <argument>
      <name>BAB_mult_cd</name>
      <display_name>Clothes Dryer Building America Benchmark Multipler</display_name>
      <type>Double</type>
      <required>true</required>
      <model_dependent>false</model_dependent>
      <default_value>1</default_value>
    </argument>
    <argument>
      <name>Num_Br</name>
      <display_name>Number of Bedrooms</display_name>
      <type>Integer</type>
      <required>true</required>
      <model_dependent>false</model_dependent>
      <default_value>1</default_value>
    </argument>
    <argument>
      <name>EF_cd</name>
      <display_name>Clothes Dryer Energy Factor</display_name>
      <type>Double</type>
      <required>true</required>
      <model_dependent>false</model_dependent>
      <default_value>3.1</default_value>
    </argument>
    <argument>
      <name>selected_cw</name>
      <display_name>Clothes Washer Energy Consumption Option</display_name>
      <type>Choice</type>
      <required>true</required>
      <model_dependent>false</model_dependent>
      <choices>
        <choice>
          <value>Benchmark</value>
          <display_name>Benchmark</display_name>
        </choice>
        <choice>
          <value>Detailed</value>
          <display_name>Detailed</display_name>
        </choice>
      </choices>
    </argument>
    <argument>
      <name>BAB_mult_cw</name>
      <display_name>Clothes Washer Building America Benchmark Multipler</display_name>
      <type>Double</type>
      <required>true</required>
      <model_dependent>false</model_dependent>
      <default_value>1</default_value>
    </argument>
    <argument>
      <name>EF_cw</name>
      <display_name>Clothes Washer Energy Factor</display_name>
      <type>Double</type>
      <required>true</required>
      <model_dependent>false</model_dependent>
      <default_value>1.41</default_value>
    </argument>
    <argument>
      <name>DV_cw</name>
      <display_name>Clothes Washer Drum Volume (ft^3)</display_name>
      <type>Double</type>
      <required>true</required>
      <model_dependent>false</model_dependent>
      <default_value>3.5</default_value>
    </argument>
    <argument>
      <name>CW_testdate</name>
      <display_name>Clothes Washer Test Date</display_name>
      <type>Integer</type>
      <required>true</required>
      <model_dependent>false</model_dependent>
      <default_value>2007</default_value>
    </argument>
    <argument>
      <name>space_type</name>
      <display_name>Select the space where the clothes washer and dryer are located</display_name>
      <type>Choice</type>
      <required>true</required>
      <model_dependent>false</model_dependent>
    </argument>
  </arguments>
  <provenances/>
  <tags>
    <tag>Equipment.Electric Equipment</tag>
  </tags>
  <attributes>
    <attribute>
      <name>Measure Type</name>
      <value>ModelMeasure</value>
      <datatype>string</datatype>
    </attribute>
    <attribute>
      <name>Uses SketchUp API</name>
      <value>false</value>
      <datatype>boolean</datatype>
    </attribute>
  </attributes>
  <files>
    <file>
      <filename>ResidentialClothesWasherandDryer_Test.rb</filename>
      <filetype>rb</filetype>
      <usage_type>test</usage_type>
      <checksum>C0A8F5D4</checksum>
    </file>
    <file>
      <filename>util.rb</filename>
      <filetype>rb</filetype>
      <usage_type>resource</usage_type>
      <checksum>3D1ABA94</checksum>
    </file>
    <file>
      <filename>weather.rb</filename>
      <filetype>rb</filetype>
      <usage_type>resource</usage_type>
      <checksum>6EA4777E</checksum>
    </file>
    <file>
      <filename>sim.rb</filename>
      <filetype>rb</filetype>
      <usage_type>resource</usage_type>
      <checksum>AE5EF352</checksum>
    </file>
    <file>
      <version>
        <software_program>OpenStudio</software_program>
        <identifier>1.4.0</identifier>
        <min_compatible>1.4.0</min_compatible>
      </version>
      <filename>measure.rb</filename>
      <filetype>rb</filetype>
      <usage_type>script</usage_type>
      <checksum>77C5898C</checksum>
    </file>
  </files>
</measure>
