<measure>
  <schema_version>3.0</schema_version>
  <name>residential_miscellaneous_gas_loads</name>
  <uid>0ba8d5d6-6fc1-4822-b9dd-42410a5b9017</uid>
  <version_id>c10f8045-55fb-4f6e-8be1-b6699a889259</version_id>
  <xml_checksum>25A40D75</xml_checksum>
  <class_name>ResidentialMiscellaneousGasLoads</class_name>
  <display_name>ResidentialMiscellaneousGasLoads</display_name>
  <description>This measure adds miscellaneous gas loads (representing a pool heater, spa heater, fireplace, grill, and/or lighting) to the living space. Users can specify the annual gas consumption (in therms) of their MGL or a faction of the benchmark MGLs to add to the space.</description>
  <modeler_description>This measure creates a new gas equipment object and adds it to the user selected space. If MGLs are already present in the model, this measure will replace them with the user specified MGL.</modeler_description>
  <arguments>
    <argument>
      <name>selected_mgl</name>
      <display_name>MGL Energy Consumption Option</display_name>
      <type>Choice</type>
      <required>true</required>
      <model_dependent>false</model_dependent>
      <choices>
        <choice>
          <value>Benchmark</value>
          <display_name>Benchmark</display_name>
        </choice>
        <choice>
          <value>Simple</value>
          <display_name>Simple</display_name>
        </choice>
      </choices>
    </argument>
    <argument>
      <name>mgl_E</name>
      <display_name>Simple MGL Annual Energy Consumption (therm/yr)</display_name>
      <type>Double</type>
      <required>true</required>
      <model_dependent>false</model_dependent>
      <default_value>0</default_value>
    </argument>
    <argument>
      <name>CondFA</name>
      <display_name>Living Space Floor Area (ft^2)</display_name>
      <type>Double</type>
      <required>true</required>
      <model_dependent>false</model_dependent>
      <default_value>1800</default_value>
    </argument>
    <argument>
      <name>BAB_mult</name>
      <display_name>Building America Benchmark Multipler</display_name>
      <type>Double</type>
      <required>true</required>
      <model_dependent>false</model_dependent>
      <default_value>1</default_value>
    </argument>
    <argument>
      <name>Num_Br</name>
      <display_name>Number of Bedrooms</display_name>
      <type>Integer</type>
      <required>true</required>
      <model_dependent>false</model_dependent>
      <default_value>1</default_value>
    </argument>
    <argument>
      <name>space_type</name>
      <display_name>Select the space where the miscellaneous gas loads are located</display_name>
      <type>Choice</type>
      <required>true</required>
      <model_dependent>false</model_dependent>
    </argument>
  </arguments>
  <provenances/>
  <tags>
    <tag>Equipment.Gas Equipment</tag>
  </tags>
  <attributes>
    <attribute>
      <name>Measure Type</name>
      <value>ModelMeasure</value>
      <datatype>string</datatype>
    </attribute>
    <attribute>
      <name>Uses SketchUp API</name>
      <value>false</value>
      <datatype>boolean</datatype>
    </attribute>
  </attributes>
  <files>
    <file>
      <filename>ResidentialMiscellaneousGasLoads_Test.rb</filename>
      <filetype>rb</filetype>
      <usage_type>test</usage_type>
      <checksum>69F55623</checksum>
    </file>
    <file>
      <version>
        <software_program>OpenStudio</software_program>
        <identifier>1.4.0</identifier>
        <min_compatible>1.4.0</min_compatible>
      </version>
      <filename>measure.rb</filename>
      <filetype>rb</filetype>
      <usage_type>script</usage_type>
      <checksum>3E809587</checksum>
    </file>
    <file>
      <filename>util.rb</filename>
      <filetype>rb</filetype>
      <usage_type>resource</usage_type>
      <checksum>39852CD3</checksum>
    </file>
    <file>
      <filename>weather.rb</filename>
      <filetype>rb</filetype>
      <usage_type>resource</usage_type>
      <checksum>72EDEC43</checksum>
    </file>
    <file>
      <filename>sim.rb</filename>
      <filetype>rb</filetype>
      <usage_type>resource</usage_type>
      <checksum>DE989593</checksum>
    </file>
  </files>
</measure>
