<measure>
  <schema_version>3.0</schema_version>
  <name>process_constructions_ceilings_roofs_roofing_material</name>
  <uid>3239e82d-5efc-4a17-9223-c7c1cd8c9cf7</uid>
  <version_id>ab736ecc-3277-4010-8f1c-ceae289e52b1</version_id>
  <version_modified>20170310T183609Z</version_modified>
  <xml_checksum>A02778FF</xml_checksum>
  <class_name>ProcessConstructionsCeilingsRoofsRoofingMaterial</class_name>
  <display_name>Set Residential Ceilings/Roofs - Roofing Material</display_name>
  <description>This measure assigns the roofing material to all roof surfaces.</description>
  <modeler_description>Assigns material layer properties for all roofceiling surfaces adjacent to outside.</modeler_description>
  <arguments>
    <argument>
      <name>solar_abs</name>
      <display_name>Solar Absorptivity</display_name>
      <description>Fraction of the incident radiation that is absorbed.</description>
      <type>Double</type>
      <required>true</required>
      <model_dependent>false</model_dependent>
      <default_value>0.85</default_value>
    </argument>
    <argument>
      <name>emissivity</name>
      <display_name>Emissivity</display_name>
      <description>Measure of the material's ability to emit infrared energy.</description>
      <type>Double</type>
      <required>true</required>
      <model_dependent>false</model_dependent>
      <default_value>0.91</default_value>
    </argument>
    <argument>
      <name>material</name>
      <display_name>Material</display_name>
      <description>Material description used only for Manual J sizing calculations.</description>
      <type>Choice</type>
      <required>true</required>
      <model_dependent>false</model_dependent>
      <default_value>asphalt shingles</default_value>
      <choices>
        <choice>
          <value>asphalt shingles</value>
          <display_name>asphalt shingles</display_name>
        </choice>
        <choice>
          <value>membrane</value>
          <display_name>membrane</display_name>
        </choice>
        <choice>
          <value>metal</value>
          <display_name>metal</display_name>
        </choice>
        <choice>
          <value>tar gravel</value>
          <display_name>tar gravel</display_name>
        </choice>
        <choice>
          <value>tile</value>
          <display_name>tile</display_name>
        </choice>
        <choice>
          <value>wood shakes</value>
          <display_name>wood shakes</display_name>
        </choice>
      </choices>
    </argument>
    <argument>
      <name>color</name>
      <display_name>Color</display_name>
      <description>Color description used only for Manual J sizing calculations.</description>
      <type>Choice</type>
      <required>true</required>
      <model_dependent>false</model_dependent>
      <default_value>medium</default_value>
      <choices>
        <choice>
          <value>white</value>
          <display_name>white</display_name>
        </choice>
        <choice>
          <value>light</value>
          <display_name>light</display_name>
        </choice>
        <choice>
          <value>medium</value>
          <display_name>medium</display_name>
        </choice>
        <choice>
          <value>dark</value>
          <display_name>dark</display_name>
        </choice>
      </choices>
    </argument>
  </arguments>
  <outputs/>
  <provenances/>
  <tags>
    <tag>Envelope.Opaque</tag>
  </tags>
  <attributes>
    <attribute>
      <name>Intended Software Tool</name>
      <value>Apply Measure Now</value>
      <datatype>string</datatype>
    </attribute>
    <attribute>
      <name>Intended Software Tool</name>
      <value>OpenStudio Application</value>
      <datatype>string</datatype>
    </attribute>
    <attribute>
      <name>Intended Software Tool</name>
      <value>Parametric Analysis Tool</value>
      <datatype>string</datatype>
    </attribute>
    <attribute>
      <name>Measure Type</name>
      <value>ModelMeasure</value>
      <datatype>string</datatype>
    </attribute>
    <attribute>
      <name>Intended Software Tool</name>
      <value>Apply Measure Now</value>
      <datatype>string</datatype>
    </attribute>
    <attribute>
      <name>Intended Software Tool</name>
      <value>OpenStudio Application</value>
      <datatype>string</datatype>
    </attribute>
    <attribute>
      <name>Intended Software Tool</name>
      <value>Parametric Analysis Tool</value>
      <datatype>string</datatype>
    </attribute>
  </attributes>
  <files>
    <file>
      <filename>RoofingMaterial_Test.rb</filename>
      <filetype>rb</filetype>
      <usage_type>test</usage_type>
      <checksum>57471D0E</checksum>
    </file>
    <file>
      <filename>util.rb</filename>
      <filetype>rb</filetype>
      <usage_type>resource</usage_type>
      <checksum>BAAF2AEF</checksum>
    </file>
    <file>
      <version>
        <software_program>OpenStudio</software_program>
        <identifier>1.10.0</identifier>
        <min_compatible>1.13.1</min_compatible>
      </version>
      <filename>measure.rb</filename>
      <filetype>rb</filetype>
      <usage_type>script</usage_type>
      <checksum>4FBB9EC8</checksum>
    </file>
    <file>
      <filename>constants.rb</filename>
      <filetype>rb</filetype>
      <usage_type>resource</usage_type>
      <checksum>0E779DFB</checksum>
    </file>
    <file>
      <filename>SFD_2000sqft_2story_SL_FA_AllLayersButRoofingMaterial.osm</filename>
      <filetype>osm</filetype>
      <usage_type>test</usage_type>
      <checksum>5A74F913</checksum>
    </file>
    <file>
      <filename>SFD_2000sqft_2story_SL_UA.osm</filename>
      <filetype>osm</filetype>
      <usage_type>test</usage_type>
      <checksum>CB0D31D6</checksum>
    </file>
    <file>
      <filename>geometry.rb</filename>
      <filetype>rb</filetype>
      <usage_type>resource</usage_type>
      <checksum>04ACB78D</checksum>
    </file>
  </files>
</measure>
