{
    "job_params": [
        {
            "param": {
                "children": [
                    {
                        "param": {
                            "value": "--argumentName=selectedliving"
                        },
                        "param_index": 0
                    },
                    {
                        "param": {
                            "value": "--argumentValue={0d608b96-ffd4-46de-9129-cd315ba55b12}"
                        },
                        "param_index": 1
                    },
                    {
                        "param": {
                            "value": "--argumentName=userdefinedhsp"
                        },
                        "param_index": 2
                    },
                    {
                        "param": {
                            "value": "--argumentValue=71"
                        },
                        "param_index": 3
                    },
                    {
                        "param": {
                            "value": "--argumentName=userdefinedcsp"
                        },
                        "param_index": 4
                    },
                    {
                        "param": {
                            "value": "--argumentValue=76"
                        },
                        "param_index": 5
                    },
                    {
                        "param": {
                            "value": "--argumentName=selectedheating"
                        },
                        "param_index": 6
                    },
                    {
                        "param": {
                            "value": "--argumentValue=true"
                        },
                        "param_index": 7
                    },
                    {
                        "param": {
                            "value": "--argumentName=selectedcooling"
                        },
                        "param_index": 8
                    },
                    {
                        "param": {
                            "value": "--argumentValue=true"
                        },
                        "param_index": 9
                    }
                ],
                "value": "ruby_scriptparameters"
            },
            "param_index": 0
        },
        {
            "param": {
                "children": [
                    {
                        "param": {
                            "children": [
                                {
                                    "param": {
                                        "children": [
                                            {
                                                "param": {
                                                    "children": [
                                                        {
                                                            "param": {
                                                                "value": "in.osm"
                                                            },
                                                            "param_index": 0
                                                        }
                                                    ],
                                                    "value": ".*\\.osm"
                                                },
                                                "param_index": 0
                                            }
                                        ],
                                        "value": "All"
                                    },
                                    "param_index": 0
                                }
                            ],
                            "value": "Last"
                        },
                        "param_index": 0
                    }
                ],
                "value": "ruby_inputfiles"
            },
            "param_index": 1
        },
        {
            "param": {
                "children": [
                    {
                        "param": {
                            "value": "-I"
                        },
                        "param_index": 0
                    },
                    {
                        "param": {
                            "value": "C:/Program Files (x86)/OpenStudio 1.5.0/Ruby"
                        },
                        "param_index": 1
                    }
                ],
                "value": "ruby_toolparameters"
            },
            "param_index": 2
        },
        {
            "param": {
                "children": [
                    {
                        "param": {
                            "children": [
                                {
                                    "param": {
                                        "children": [
                                            {
                                                "param": {
                                                    "value": ""
                                                },
                                                "param_index": 0
                                            }
                                        ],
                                        "value": "osm"
                                    },
                                    "param_index": 0
                                }
                            ],
                            "value": "osm"
                        },
                        "param_index": 0
                    }
                ],
                "value": "ruby_copyrequired"
            },
            "param_index": 3
        },
        {
            "param": {
                "children": [
                    {
                        "param": {
                            "children": [
                                {
                                    "param": {
                                        "value": "user_script.rb"
                                    },
                                    "param_index": 0
                                }
                            ],
                            "value": "C:/OS_BEopt_GitHub/OpenStudio-Beopt/PAT_Slab_Final/scripts/ProcessHeatingandCoolingSetpoints/measure.rb"
                        },
                        "param_index": 0
                    },
                    {
                        "param": {
                            "children": [
                                {
                                    "param": {
                                        "value": "measure.rb"
                                    },
                                    "param_index": 0
                                }
                            ],
                            "value": "C:/OS_BEopt_GitHub/OpenStudio-Beopt/PAT_Slab_Final/scripts/ProcessHeatingandCoolingSetpoints/measure.rb"
                        },
                        "param_index": 1
                    },
                    {
                        "param": {
                            "children": [
                                {
                                    "param": {
                                        "value": "resources/sim.rb"
                                    },
                                    "param_index": 0
                                }
                            ],
                            "value": "C:/OS_BEopt_GitHub/OpenStudio-Beopt/PAT_Slab_Final/scripts/ProcessHeatingandCoolingSetpoints/resources/sim.rb"
                        },
                        "param_index": 2
                    },
                    {
                        "param": {
                            "children": [
                                {
                                    "param": {
                                        "value": "resources/util.rb"
                                    },
                                    "param_index": 0
                                }
                            ],
                            "value": "C:/OS_BEopt_GitHub/OpenStudio-Beopt/PAT_Slab_Final/scripts/ProcessHeatingandCoolingSetpoints/resources/util.rb"
                        },
                        "param_index": 3
                    },
                    {
                        "param": {
                            "children": [
                                {
                                    "param": {
                                        "value": "resources/weather.rb"
                                    },
                                    "param_index": 0
                                }
                            ],
                            "value": "C:/OS_BEopt_GitHub/OpenStudio-Beopt/PAT_Slab_Final/scripts/ProcessHeatingandCoolingSetpoints/resources/weather.rb"
                        },
                        "param_index": 4
                    }
                ],
                "value": "ruby_requiredfiles"
            },
            "param_index": 4
        },
        {
            "param": {
                "children": [
                    {
                        "param": {
                            "value": "{f7168d3c-4d26-4a6b-ad02-75f6a1161a26}"
                        },
                        "param_index": 0
                    }
                ],
                "value": "original_job_uuid"
            },
            "param_index": 5
        },
        {
            "param": {
                "children": [
                    {
                        "param": {
                            "value": "true"
                        },
                        "param_index": 0
                    }
                ],
                "value": "ruby_isuserscriptjob"
            },
            "param_index": 6
        },
        {
            "param": {
                "children": [
                    {
                        "param": {
                            "value": "C:/Program Files (x86)/OpenStudio 1.5.0/Ruby/openstudio/runmanager/rubyscripts/UserScriptAdapter.rb"
                        },
                        "param_index": 0
                    }
                ],
                "value": "ruby_scriptfile"
            },
            "param_index": 7
        },
        {
            "param": {
                "children": [
                    {
                        "param": {
                            "children": [
                                {
                                    "param": {
                                        "value": "{2b167665-f760-462d-8c9d-1d909da7b628}"
                                    },
                                    "param_index": 0
                                }
                            ],
                            "value": "bcl_measure_uuid"
                        },
                        "param_index": 0
                    }
                ],
                "value": "ruby_bclmeasureparameters"
            },
            "param_index": 8
        }
    ],
    "metadata": {
        "openstudio_version": "1.5.0"
    }
}
