<measure>
  <schema_version>3.0</schema_version>
  <name>process_constructions_doors</name>
  <uid>b78f10fa-b38d-4de2-86e9-344a78e68847</uid>
  <version_id>6b0c1c84-6807-4957-aec0-f1fbb05877e9</version_id>
  <xml_checksum>6FAFA9DE</xml_checksum>
  <class_name>ProcessConstructionsDoors</class_name>
  <display_name>Add/Replace Residential Exterior Doors</display_name>
  <description>This measure creates constructions for exterior doors adjacent to the living space as well as garage doors.</description>
  <modeler_description>Calculates material layer properties of constructions for exterior doors adjacent to the living space as well as garage doors. Finds sub surfaces adjacent to the living space and garage and sets applicable constructions.</modeler_description>
  <arguments>
    <argument>
      <name>selectedliving</name>
      <display_name>Living Space</display_name>
      <description>The living space type.</description>
      <type>Choice</type>
      <required>true</required>
      <model_dependent>false</model_dependent>
    </argument>
    <argument>
      <name>selectedgarage</name>
      <display_name>Garage Space</display_name>
      <description>The garage space type.</description>
      <type>Choice</type>
      <required>false</required>
      <model_dependent>false</model_dependent>
    </argument>
  </arguments>
  <provenances/>
  <tags>
    <tag>Envelope.Fenestration</tag>
  </tags>
  <attributes>
    <attribute>
      <name>Measure Type</name>
      <value>ModelMeasure</value>
      <datatype>string</datatype>
    </attribute>
    <attribute>
      <name>Uses SketchUp API</name>
      <value>false</value>
      <datatype>boolean</datatype>
    </attribute>
  </attributes>
  <files>
    <file>
      <filename>ProcessConstructionsDoors_Test.rb</filename>
      <filetype>rb</filetype>
      <usage_type>test</usage_type>
      <checksum>BA787397</checksum>
    </file>
    <file>
      <version>
        <software_program>OpenStudio</software_program>
        <identifier>1.4.0</identifier>
        <min_compatible>1.4.0</min_compatible>
      </version>
      <filename>measure.rb</filename>
      <filetype>rb</filetype>
      <usage_type>script</usage_type>
      <checksum>B3EA748F</checksum>
    </file>
    <file>
      <filename>util.rb</filename>
      <filetype>rb</filetype>
      <usage_type>resource</usage_type>
      <checksum>39852CD3</checksum>
    </file>
    <file>
      <filename>weather.rb</filename>
      <filetype>rb</filetype>
      <usage_type>resource</usage_type>
      <checksum>72EDEC43</checksum>
    </file>
    <file>
      <filename>sim.rb</filename>
      <filetype>rb</filetype>
      <usage_type>resource</usage_type>
      <checksum>CB3EAC1E</checksum>
    </file>
  </files>
</measure>
