<measure>
  <schema_version>3.0</schema_version>
  <name>process_constructions_garage_slab</name>
  <uid>3da62049-50f9-4ed0-b05a-6b89a202482d</uid>
  <version_id>ee5e0b63-3d17-47db-8750-09b2270e223c</version_id>
  <xml_checksum>1E963D9C</xml_checksum>
  <class_name>ProcessConstructionsGarageSlab</class_name>
  <display_name>ProcessConstructionsGarageSlab</display_name>
  <description>This measure creates slab constructions for the garage floor.</description>
  <modeler_description>Calculates material layer properties of slab constructions for the garage floor. Finds surfaces adjacent to the garage and sets applicable constructions.</modeler_description>
  <arguments>
    <argument>
      <name>selectedgarage</name>
      <display_name>Of what space type is the garage?</display_name>
      <type>Choice</type>
      <required>true</required>
      <model_dependent>false</model_dependent>
    </argument>
  </arguments>
  <provenances/>
  <tags>
    <tag>Envelope.Opaque</tag>
  </tags>
  <attributes>
    <attribute>
      <name>Measure Type</name>
      <value>ModelMeasure</value>
      <datatype>string</datatype>
    </attribute>
    <attribute>
      <name>Uses SketchUp API</name>
      <value>false</value>
      <datatype>boolean</datatype>
    </attribute>
  </attributes>
  <files>
    <file>
      <filename>ProcessConstructionsGarageSlab_Test.rb</filename>
      <filetype>rb</filetype>
      <usage_type>test</usage_type>
      <checksum>5F3B09D0</checksum>
    </file>
    <file>
      <version>
        <software_program>OpenStudio</software_program>
        <identifier>1.3.0</identifier>
        <min_compatible>1.3.0</min_compatible>
      </version>
      <filename>measure.rb</filename>
      <filetype>rb</filetype>
      <usage_type>script</usage_type>
      <checksum>28498488</checksum>
    </file>
    <file>
      <filename>util.rb</filename>
      <filetype>rb</filetype>
      <usage_type>resource</usage_type>
      <checksum>3D1ABA94</checksum>
    </file>
    <file>
      <filename>weather.rb</filename>
      <filetype>rb</filetype>
      <usage_type>resource</usage_type>
      <checksum>A38F0058</checksum>
    </file>
    <file>
      <filename>sim.rb</filename>
      <filetype>rb</filetype>
      <usage_type>resource</usage_type>
      <checksum>9A3EF68C</checksum>
    </file>
  </files>
</measure>
