<measure>
  <schema_version>3.0</schema_version>
  <name>process_constructions_exterior_insulated_walls_wood_stud</name>
  <uid>76193c5c-d1a6-4a57-864a-c8a32e67adcb</uid>
  <version_id>7a4eb4c5-3f47-42c3-bb66-b7d063cd546d</version_id>
  <xml_checksum>1E963D9C</xml_checksum>
  <class_name>ProcessConstructionsExteriorInsulatedWallsWoodStud</class_name>
  <display_name>ProcessConstructionsExteriorInsulatedWallsWoodStud</display_name>
  <description>This measure creates wood stud constructions for the exterior walls adjacent to the living space.</description>
  <modeler_description>Calculates material layer properties of wood stud constructions for the exterior walls adjacent to the living space. Finds surfaces adjacent to the living space and sets applicable constructions.</modeler_description>
  <arguments>
    <argument>
      <name>selectedliving</name>
      <display_name>Of what space type is the living space?</display_name>
      <type>Choice</type>
      <required>true</required>
      <model_dependent>false</model_dependent>
    </argument>
    <argument>
      <name>userdefinedgypthickness</name>
      <display_name>Thickness of drywall layers [in].</display_name>
      <type>Double</type>
      <required>false</required>
      <model_dependent>false</model_dependent>
      <default_value>0.5</default_value>
    </argument>
    <argument>
      <name>userdefinedgyplayers</name>
      <display_name>Number of drywall layers.</display_name>
      <type>Double</type>
      <required>false</required>
      <model_dependent>false</model_dependent>
      <default_value>1</default_value>
    </argument>
    <argument>
      <name>selectedstudsize</name>
      <display_name>Wood stud size of wall cavity.</display_name>
      <type>Choice</type>
      <required>true</required>
      <model_dependent>false</model_dependent>
      <choices>
        <choice>
          <value>2x4</value>
          <display_name>2x4</display_name>
        </choice>
        <choice>
          <value>2x6</value>
          <display_name>2x6</display_name>
        </choice>
        <choice>
          <value>2x8</value>
          <display_name>2x8</display_name>
        </choice>
        <choice>
          <value>2x10</value>
          <display_name>2x10</display_name>
        </choice>
        <choice>
          <value>2x12</value>
          <display_name>2x12</display_name>
        </choice>
        <choice>
          <value>2x14</value>
          <display_name>2x14</display_name>
        </choice>
      </choices>
    </argument>
    <argument>
      <name>selectedspacing</name>
      <display_name>Wood stud spacing of wall cavity.</display_name>
      <type>Choice</type>
      <required>true</required>
      <model_dependent>false</model_dependent>
      <choices>
        <choice>
          <value>16 in o.c.</value>
          <display_name>16 in o.c.</display_name>
        </choice>
        <choice>
          <value>24 in o.c.</value>
          <display_name>24 in o.c.</display_name>
        </choice>
      </choices>
    </argument>
    <argument>
      <name>userdefinedinstcavr</name>
      <display_name>Installed R-value of cavity insulation [hr-ft^2-R/Btu].</display_name>
      <type>Double</type>
      <required>true</required>
      <model_dependent>false</model_dependent>
    </argument>
    <argument>
      <name>selectedinstallgrade</name>
      <display_name>Insulation installation grade of wood stud wall cavity.</display_name>
      <type>Choice</type>
      <required>true</required>
      <model_dependent>false</model_dependent>
      <default_value>I</default_value>
      <choices>
        <choice>
          <value>I</value>
          <display_name>I</display_name>
        </choice>
        <choice>
          <value>II</value>
          <display_name>II</display_name>
        </choice>
        <choice>
          <value>III</value>
          <display_name>III</display_name>
        </choice>
      </choices>
    </argument>
    <argument>
      <name>selectedinsfills</name>
      <display_name>Cavity insulation fills the cavity?</display_name>
      <type>Boolean</type>
      <required>true</required>
      <model_dependent>false</model_dependent>
      <default_value>true</default_value>
      <choices>
        <choice>
          <value>true</value>
          <display_name>true</display_name>
        </choice>
        <choice>
          <value>false</value>
          <display_name>false</display_name>
        </choice>
      </choices>
    </argument>
    <argument>
      <name>userdefinedrigidinsthickness</name>
      <display_name>Rigid insulation thickness of wall cavity [in].</display_name>
      <type>Double</type>
      <required>false</required>
      <model_dependent>false</model_dependent>
      <default_value>0</default_value>
    </argument>
    <argument>
      <name>userdefinedrigidinsr</name>
      <display_name>Rigid insulation R-value of wall cavity [hr-ft^2-R/Btu].</display_name>
      <type>Double</type>
      <required>false</required>
      <model_dependent>false</model_dependent>
      <default_value>0</default_value>
    </argument>
    <argument>
      <name>userdefinedhasosb</name>
      <display_name>Wood stud wall has OSB sheathing?</display_name>
      <type>Boolean</type>
      <required>true</required>
      <model_dependent>false</model_dependent>
      <choices>
        <choice>
          <value>true</value>
          <display_name>true</display_name>
        </choice>
        <choice>
          <value>false</value>
          <display_name>false</display_name>
        </choice>
      </choices>
    </argument>
    <argument>
      <name>userdefinedextfinthickness</name>
      <display_name>Exterior finish thickness of wall cavity [in].</display_name>
      <type>Double</type>
      <required>false</required>
      <model_dependent>false</model_dependent>
      <default_value>0.375</default_value>
    </argument>
    <argument>
      <name>userdefinedextfinr</name>
      <display_name>Exterior finish R-value of wall cavity [hr-ft^2-R/Btu].</display_name>
      <type>Double</type>
      <required>false</required>
      <model_dependent>false</model_dependent>
      <default_value>0.6</default_value>
    </argument>
    <argument>
      <name>userdefinedextfindensity</name>
      <display_name>Exterior finish density of wall cavity [lb/ft^3].</display_name>
      <type>Double</type>
      <required>false</required>
      <model_dependent>false</model_dependent>
      <default_value>11.1</default_value>
    </argument>
    <argument>
      <name>userdefinedextfinspecheat</name>
      <display_name>Exterior finish specific heat of wall cavity [Btu/lb-R].</display_name>
      <type>Double</type>
      <required>false</required>
      <model_dependent>false</model_dependent>
      <default_value>0.25</default_value>
    </argument>
    <argument>
      <name>userdefinedextfinthermalabs</name>
      <display_name>Exterior finish emissivity of wall cavity.</display_name>
      <type>Double</type>
      <required>false</required>
      <model_dependent>false</model_dependent>
      <default_value>0.9</default_value>
    </argument>
    <argument>
      <name>userdefinedextfinabs</name>
      <display_name>Exterior finish absorptance of wall cavity.</display_name>
      <type>Double</type>
      <required>false</required>
      <model_dependent>false</model_dependent>
      <default_value>0.3</default_value>
    </argument>
  </arguments>
  <provenances/>
  <tags>
    <tag>Envelope.Opaque</tag>
  </tags>
  <attributes>
    <attribute>
      <name>Measure Type</name>
      <value>ModelMeasure</value>
      <datatype>string</datatype>
    </attribute>
    <attribute>
      <name>Uses SketchUp API</name>
      <value>false</value>
      <datatype>boolean</datatype>
    </attribute>
  </attributes>
  <files>
    <file>
      <filename>ProcessConstructionsExteriorInsulatedWallsWoodStud_Test.rb</filename>
      <filetype>rb</filetype>
      <usage_type>test</usage_type>
      <checksum>52676550</checksum>
    </file>
    <file>
      <filename>util.rb</filename>
      <filetype>rb</filetype>
      <usage_type>resource</usage_type>
      <checksum>3D1ABA94</checksum>
    </file>
    <file>
      <version>
        <software_program>OpenStudio</software_program>
        <identifier>1.3.0</identifier>
        <min_compatible>1.3.0</min_compatible>
      </version>
      <filename>measure.rb</filename>
      <filetype>rb</filetype>
      <usage_type>script</usage_type>
      <checksum>A50CFFAC</checksum>
    </file>
    <file>
      <filename>sim.rb</filename>
      <filetype>rb</filetype>
      <usage_type>resource</usage_type>
      <checksum>5E03A9C7</checksum>
    </file>
    <file>
      <filename>weather.rb</filename>
      <filetype>rb</filetype>
      <usage_type>resource</usage_type>
      <checksum>A38F0058</checksum>
    </file>
  </files>
</measure>
