{
  "classname": "ProcessAirflow",
  "name": "process_airflow",
  "display_name": "Process Airflow",
  "measure_type": "EnergyPlusMeasure",
  "arguments": [
    {
      "local_variable": "selected_living",
      "variable_type": "Choice",
      "name": "selectedliving",
      "display_name": "Which is the living space zone",
      "units": null,
      "description": null,
      "choices": [
        "NA"
      ]
    },
    {
      "local_variable": "userdefined_inflivingspace",
      "variable_type": "Double",
      "name": "userdefinedinflivingspace",
      "display_name": "Air exchange rate, in Air Changes per Hour at 50 Pascals , for above-grade living space",
      "units": "ACH50",
      "description": null,
      "default_value": 7.0
    },
    {
      "local_variable": "userdefined_constinflivingspace",
      "variable_type": "Double",
      "name": "userdefinedconstinflivingspace",
      "display_name": "Air exchange rate, in natural Air Changes per Hour , for above-grade living spaceUsing this variable will override the AIM-2 calculation method with a constant air exchange rate",
      "units": "ACH",
      "description": null,
      "default_value": 0.0
    },
    {
      "local_variable": "userdefined_infsheltercoef",
      "variable_type": "String",
      "name": "userdefinedinfsheltercoef",
      "display_name": "The local shelter coefficient  accounts for nearby buildings, trees and obstructions",
      "units": "AIM-2 infiltration model",
      "description": null,
      "default_value": "auto"
    },
    {
      "local_variable": "selected_garage",
      "variable_type": "Choice",
      "name": "selectedgarage",
      "display_name": "Which is the garage zone",
      "units": null,
      "description": null,
      "default_value": "NA",
      "choices": [
        "NA"
      ]
    },
    {
      "local_variable": "selected_fbsmt",
      "variable_type": "Choice",
      "name": "selectedfbsmt",
      "display_name": "Which is the finished basement zone",
      "units": null,
      "description": null,
      "default_value": "NA",
      "choices": [
        "NA"
      ]
    },
    {
      "local_variable": "userdefined_inffbsmt",
      "variable_type": "Double",
      "name": "userdefinedinffbsmt",
      "display_name": "Constant air exchange rate, in Air Changes per Hour , for the finished basement",
      "units": "ACH",
      "description": null,
      "default_value": 0.0
    },
    {
      "local_variable": "selected_ufbsmt",
      "variable_type": "Choice",
      "name": "selectedufbsmt",
      "display_name": "Which is the unfinished basement zone",
      "units": null,
      "description": null,
      "default_value": "NA",
      "choices": [
        "NA"
      ]
    },
    {
      "local_variable": "userdefined_infufbsmt",
      "variable_type": "Double",
      "name": "userdefinedinfufbsmt",
      "display_name": "Constant air exchange rate, in Air Changes per Hour , for the unfinished basementA value of 00 ACH or greater is recommended for modeling Heat Pump Water Heaters in unfinished basements",
      "units": "ACH",
      "description": null,
      "default_value": 0.1
    },
    {
      "local_variable": "selected_crawl",
      "variable_type": "Choice",
      "name": "selectedcrawl",
      "display_name": "Which is the crawlspace zone",
      "units": null,
      "description": null,
      "default_value": "NA",
      "choices": [
        "NA"
      ]
    },
    {
      "local_variable": "userdefined_infcrawl",
      "variable_type": "Double",
      "name": "userdefinedinfcrawl",
      "display_name": "Air exchange rate, in Air Changes per Hour at 50 Pascals , for the crawlspace",
      "units": "ACH50",
      "description": null,
      "default_value": 2.0
    },
    {
      "local_variable": "selected_unfinattic",
      "variable_type": "Choice",
      "name": "selectedunfinattic",
      "display_name": "Which is the unfinished attic zone",
      "units": null,
      "description": null,
      "default_value": "NA",
      "choices": [
        "NA"
      ]
    },
    {
      "local_variable": "userdefined_infunfinattic",
      "variable_type": "Double",
      "name": "userdefinedinfunfinattic",
      "display_name": "Ratio of the effective leakage area  in the unfinished attic to the total floor area of the attic",
      "units": "infiltration and/or ventilation",
      "description": null,
      "default_value": 0.00333
    },
    {
      "local_variable": "userdefined_neighboroffset",
      "variable_type": "Double",
      "name": "userdefinedneighboroffset",
      "display_name": "The minimum distance between the simulated house and the neighboring houses",
      "units": "not including eaves",
      "description": null,
      "default_value": 0.0
    },
    {
      "local_variable": "userdefined_homeage",
      "variable_type": "Double",
      "name": "userdefinedhomeage",
      "display_name": "Age of home Enter 0 for new construction",
      "units": null,
      "description": null,
      "default_value": 0.0
    },
    {
      "local_variable": "selected_terraintype",
      "variable_type": "Choice",
      "name": "selectedterraintype",
      "display_name": "Site terrain type",
      "units": null,
      "description": null,
      "default_value": "suburban",
      "choices": [
        "ocean",
        "plains",
        "rural",
        "suburban",
        "city"
      ]
    },
    {
      "local_variable": "selected_venttype",
      "variable_type": "Choice",
      "name": "selectedventtype",
      "display_name": "Ventilation strategy used",
      "units": "none, exhaust, supply, or balanced",
      "description": null,
      "default_value": "exhaust",
      "choices": [
        "none",
        "exhaust",
        "supply",
        "balanced"
      ]
    },
    {
      "local_variable": "selected_infilcredit",
      "variable_type": "Bool",
      "name": "selectedinfilcredit",
      "display_name": "If True, the ASHRAE 62 infiltration credit will be included for buildings with infiltration that exceeds a default rate of 2 cfm per 100sqft of finished floor area",
      "units": null,
      "description": null,
      "default_value": true
    },
    {
      "local_variable": "userdefined_totaleff",
      "variable_type": "Double",
      "name": "userdefinedtotaleff",
      "display_name": "The net total energy  recovered by the supply airstream adjusted by electric consumption, case heat loss or heat gain, air leakage and airflow mass imbalance between the two airstreams, as a percent of the potential total energy that could be recovered plys the exhaust fan energy",
      "units": "sensible plus latent, also called enthalpy",
      "description": null,
      "default_value": 0.0
    },
    {
      "local_variable": "userdefined_senseff",
      "variable_type": "Double",
      "name": "userdefinedsenseff",
      "display_name": "The net sensible energy recovered by the supply airstream as adjusted by electric consumption, case heat loss or heat gain, air leakage, airflow mass imbalance between the two airstreams and the energy used for defrost , as a percent of the potential sensible energy that could be recovered plus the exhaust fan energy",
      "units": "when running the Very Low Temperature Test",
      "description": null,
      "default_value": 0.0
    },
    {
      "local_variable": "userdefined_fanpower",
      "variable_type": "Double",
      "name": "userdefinedfanpower",
      "display_name": "Fan power  per delivered airflow rate  of fan providing whole house ventilationIf the house uses a balanced ventilation system thtere is assumed to be two fans operating at this efficiency",
      "units": "in W",
      "description": null,
      "default_value": 0.3
    },
    {
      "local_variable": "userdefined_fracofashrae",
      "variable_type": "Double",
      "name": "userdefinedfracofashrae",
      "display_name": "Fraction of the ventilation rate  specified by 2010 ASHRAE 62 that is desired in the bulding",
      "units": "including any infiltration credit",
      "description": null,
      "default_value": 1.0
    },
    {
      "local_variable": "userdefined_dryerexhaust",
      "variable_type": "Double",
      "name": "userdefineddryerexhaust",
      "display_name": "Rated flow capacity of the clothes dryer exhaustThis fan is assumed to run 60 min/day between 11am and 12pm",
      "units": null,
      "description": null,
      "default_value": 100.0
    },
    {
      "local_variable": "userdefined_htgoffset",
      "variable_type": "Double",
      "name": "userdefinedhtgoffset",
      "display_name": "The temperature offset below the hourly cooling setpoint, to which the living space is allowed to cool during months that are only in the heating season",
      "units": null,
      "description": null,
      "default_value": 1.0
    },
    {
      "local_variable": "userdefined_clgoffset",
      "variable_type": "Double",
      "name": "userdefinedclgoffset",
      "display_name": "The temperature offset above the hourly heating setpoint, to which the living space is allowed to cool during months that are only in the cooling season",
      "units": null,
      "description": null,
      "default_value": 1.0
    },
    {
      "local_variable": "userdefined_ovlpoffset",
      "variable_type": "Double",
      "name": "userdefinedovlpoffset",
      "display_name": "The temperature offset above the maximum heating setpoint, to which the living space is allowed to cool during months that are in both the heating season and cooling season",
      "units": null,
      "description": null,
      "default_value": 1.0
    },
    {
      "local_variable": "selected_heatingssn",
      "variable_type": "Bool",
      "name": "selectedheatingssn",
      "display_name": "True if windows are allowed to be opened during months that are only in the heating season",
      "units": null,
      "description": null,
      "default_value": true
    },
    {
      "local_variable": "selected_coolingssn",
      "variable_type": "Bool",
      "name": "selectedcoolingssn",
      "display_name": "True if windows are allowed to be opened during months that are only in the cooling season",
      "units": null,
      "description": null,
      "default_value": true
    },
    {
      "local_variable": "selected_overlapssn",
      "variable_type": "Bool",
      "name": "selectedoverlapssn",
      "display_name": "True if windows are allowed to be opened during months that are in both the heating season and cooling season",
      "units": null,
      "description": null,
      "default_value": true
    },
    {
      "local_variable": "userdefined_ventweekdays",
      "variable_type": "Double",
      "name": "userdefinedventweekdays",
      "display_name": "Number of weekdays in the week that natural ventilation can occur",
      "units": null,
      "description": null,
      "default_value": 3.0
    },
    {
      "local_variable": "userdefined_ventweekenddays",
      "variable_type": "Double",
      "name": "userdefinedventweekenddays",
      "display_name": "Number of weekend days in the week that natural ventilation can occur",
      "units": null,
      "description": null,
      "default_value": 0.0
    },
    {
      "local_variable": "userdefined_fracwinopen",
      "variable_type": "Double",
      "name": "userdefinedfracwinopen",
      "display_name": "Specifies the fraction of the total openable window area in the building that is opened for ventilation",
      "units": null,
      "description": null,
      "default_value": 0.33
    },
    {
      "local_variable": "userdefined_fracwinareaopen",
      "variable_type": "Double",
      "name": "userdefinedfracwinareaopen",
      "display_name": "Specifies the fraction of total window area in the home that can be opened (etypical sliding windows can be opened to half of their area",
      "units": null,
      "description": null,
      "default_value": 0.2
    },
    {
      "local_variable": "userdefined_humratio",
      "variable_type": "Double",
      "name": "userdefinedhumratio",
      "display_name": "Outdoor air humidity ratio above which windows will not open for natural ventilation",
      "units": null,
      "description": null,
      "default_value": 0.0115
    },
    {
      "local_variable": "userdefined_relhumratio",
      "variable_type": "Double",
      "name": "userdefinedrelhumratio",
      "display_name": "Outdoor air relative humidity  above which windows will not open for natural ventilation",
      "units": "0-1",
      "description": null,
      "default_value": 0.7
    },
    {
      "local_variable": "num_bedrooms",
      "variable_type": "Double",
      "name": "num_bedrooms",
      "display_name": "Number of bedrooms",
      "units": null,
      "description": null,
      "default_value": 3.0
    },
    {
      "local_variable": "num_bathrooms",
      "variable_type": "Double",
      "name": "num_bathrooms",
      "display_name": "Number of bathrooms",
      "units": null,
      "description": null,
      "default_value": 2.0
    },
    {
      "local_variable": "finished_floor_area",
      "variable_type": "Double",
      "name": "finished_floor_area",
      "display_name": "Finished floor area",
      "units": null,
      "description": null,
      "default_value": 2700.0
    },
    {
      "local_variable": "above_grade_finished_floor_area",
      "variable_type": "Double",
      "name": "above_grade_finished_floor_area",
      "display_name": "Above grade finished floor area",
      "units": null,
      "description": null,
      "default_value": 2700.0
    },
    {
      "local_variable": "building_height",
      "variable_type": "Double",
      "name": "building_height",
      "display_name": "Height of building",
      "units": null,
      "description": null,
      "default_value": 24.5
    },
    {
      "local_variable": "stories",
      "variable_type": "Double",
      "name": "stories",
      "display_name": "Number of stories",
      "units": null,
      "description": null,
      "default_value": 2.0
    },
    {
      "local_variable": "window_area",
      "variable_type": "Double",
      "name": "window_area",
      "display_name": "Window area",
      "units": null,
      "description": null,
      "default_value": 348.0
    },
    {
      "local_variable": "livingspacevolume",
      "variable_type": "Double",
      "name": "livingspacevolume",
      "display_name": "Volume of living space",
      "units": null,
      "description": null,
      "default_value": 21600.0
    },
    {
      "local_variable": "livingspaceheight",
      "variable_type": "Double",
      "name": "livingspaceheight",
      "display_name": "Height of living space",
      "units": null,
      "description": null,
      "default_value": 16.0
    },
    {
      "local_variable": "livingspacearea",
      "variable_type": "Double",
      "name": "livingspacearea",
      "display_name": "Area of living space",
      "units": null,
      "description": null,
      "default_value": 2700.0
    },
    {
      "local_variable": "uavolume",
      "variable_type": "Double",
      "name": "uavolume",
      "display_name": "Volume of unfinished attic",
      "units": null,
      "description": null,
      "default_value": 5250.0
    },
    {
      "local_variable": "uaheight",
      "variable_type": "Double",
      "name": "uaheight",
      "display_name": "Height of unfinished attic",
      "units": null,
      "description": null,
      "default_value": 8.5
    },
    {
      "local_variable": "uaarea",
      "variable_type": "Double",
      "name": "uaarea",
      "display_name": "Area of unfinished attic",
      "units": null,
      "description": null,
      "default_value": 1500.0
    },
    {
      "local_variable": "cvolume",
      "variable_type": "Double",
      "name": "cvolume",
      "display_name": "Volume of crawlspace",
      "units": null,
      "description": null,
      "default_value": 4800.0
    },
    {
      "local_variable": "cheight",
      "variable_type": "Double",
      "name": "cheight",
      "display_name": "Height of crawlspace",
      "units": null,
      "description": null,
      "default_value": 4.0
    },
    {
      "local_variable": "carea",
      "variable_type": "Double",
      "name": "carea",
      "display_name": "Area of crawlspace",
      "units": null,
      "description": null,
      "default_value": 1200.0
    },
    {
      "local_variable": "gvolume",
      "variable_type": "Double",
      "name": "gvolume",
      "display_name": "Volume of garage",
      "units": null,
      "description": null,
      "default_value": 2400.0
    },
    {
      "local_variable": "gheight",
      "variable_type": "Double",
      "name": "gheight",
      "display_name": "Height of garage",
      "units": null,
      "description": null,
      "default_value": 8.0
    },
    {
      "local_variable": "garea",
      "variable_type": "Double",
      "name": "garea",
      "display_name": "Area of garage",
      "units": null,
      "description": null,
      "default_value": 300.0
    },
    {
      "local_variable": "fbvolume",
      "variable_type": "Double",
      "name": "fbvolume",
      "display_name": "Volume of finished basement",
      "units": null,
      "description": null,
      "default_value": 9600.0
    },
    {
      "local_variable": "fbheight",
      "variable_type": "Double",
      "name": "fbheight",
      "display_name": "Height of finished basement",
      "units": null,
      "description": null,
      "default_value": 8.0
    },
    {
      "local_variable": "fbarea",
      "variable_type": "Double",
      "name": "fbarea",
      "display_name": "Area of finished basement",
      "units": null,
      "description": null,
      "default_value": 1200.0
    },
    {
      "local_variable": "ufbvolume",
      "variable_type": "Double",
      "name": "ufbvolume",
      "display_name": "Volume of unfinished basement",
      "units": null,
      "description": null,
      "default_value": 9600.0
    },
    {
      "local_variable": "ufbheight",
      "variable_type": "Double",
      "name": "ufbheight",
      "display_name": "Height of unfinished basement",
      "units": null,
      "description": null,
      "default_value": 8.0
    },
    {
      "local_variable": "ufbarea",
      "variable_type": "Double",
      "name": "ufbarea",
      "display_name": "Area of unfinished basement",
      "units": null,
      "description": null,
      "default_value": 1200.0
    }
  ],
  "name_xml": "process_airflow",
  "uid": "c4dde5f8-45aa-4381-93dc-e598f7c31155",
  "version_id": "b165803d-f231-42fb-a532-d71916a010a3",
  "modeler_description": "Using EMS code, this measure processes the building's airflow (infiltration, mechanical ventilation, and natural ventilation).",
  "description": "This measure processes infiltration for the living space, garage, finished basement, unfinished basement, crawlspace, and unfinished attic. It also processes mechanical ventilation and natural ventilation for the living space.",
  "tags": [
    "Envelope.Infiltration"
  ]
}