<measure>
  <schema_version>3.0</schema_version>
  <name>residential_clothes_dryer</name>
  <uid>0b112141-4e2e-4dad-b2fd-2d1f629391f0</uid>
  <version_id>644fce60-ff59-4c5a-8799-7fe30524d2c6</version_id>
  <version_modified>20170310T183608Z</version_modified>
  <xml_checksum>BCB7218E</xml_checksum>
  <class_name>ResidentialClothesDryer</class_name>
  <display_name>Set Residential Electric Clothes Dryer</display_name>
  <description>Adds (or replaces) a residential clothes dryer with the specified efficiency, operation, and schedule. For multifamily buildings, the clothes dryer can be set for all units of the building.</description>
  <modeler_description>Since there is no Clothes Dryer object in OpenStudio/EnergyPlus, we look for an ElectricEquipment or OtherEquipment object with the name that denotes it is a residential clothes dryer. If one is found, it is replaced with the specified properties. Otherwise, a new such object is added to the model. Note: This measure requires the number of bedrooms/bathrooms to have already been assigned.</modeler_description>
  <arguments>
    <argument>
      <name>cd_cef</name>
      <display_name>Combined Energy Factor</display_name>
      <description>The Combined Energy Factor (CEF) measures the pounds of clothing that can be dried per kWh of electricity, including energy consumed during Stand-by and Off modes. If only an Energy Factor (EF) is available, convert using the equation: CEF = EF / 1.15.</description>
      <type>Double</type>
      <units>lb/kWh</units>
      <required>true</required>
      <model_dependent>false</model_dependent>
      <default_value>2.7</default_value>
    </argument>
    <argument>
      <name>cd_mult</name>
      <display_name>Occupancy Energy Multiplier</display_name>
      <description>Appliance energy use is multiplied by this factor to account for occupancy usage that differs from the national average.</description>
      <type>Double</type>
      <required>true</required>
      <model_dependent>false</model_dependent>
      <default_value>1</default_value>
    </argument>
    <argument>
      <name>cd_weekday_sch</name>
      <display_name>Weekday schedule</display_name>
      <description>Specify the 24-hour weekday schedule.</description>
      <type>String</type>
      <required>true</required>
      <model_dependent>false</model_dependent>
      <default_value>0.010, 0.006, 0.004, 0.002, 0.004, 0.006, 0.016, 0.032, 0.048, 0.068, 0.078, 0.081, 0.074, 0.067, 0.057, 0.061, 0.055, 0.054, 0.051, 0.051, 0.052, 0.054, 0.044, 0.024</default_value>
    </argument>
    <argument>
      <name>cd_weekend_sch</name>
      <display_name>Weekend schedule</display_name>
      <description>Specify the 24-hour weekend schedule.</description>
      <type>String</type>
      <required>true</required>
      <model_dependent>false</model_dependent>
      <default_value>0.010, 0.006, 0.004, 0.002, 0.004, 0.006, 0.016, 0.032, 0.048, 0.068, 0.078, 0.081, 0.074, 0.067, 0.057, 0.061, 0.055, 0.054, 0.051, 0.051, 0.052, 0.054, 0.044, 0.024</default_value>
    </argument>
    <argument>
      <name>cd_monthly_sch</name>
      <display_name>Month schedule</display_name>
      <description>Specify the 12-month schedule.</description>
      <type>String</type>
      <required>true</required>
      <model_dependent>false</model_dependent>
      <default_value>1.0, 1.0, 1.0, 1.0, 1.0, 1.0, 1.0, 1.0, 1.0, 1.0, 1.0, 1.0</default_value>
    </argument>
    <argument>
      <name>cw_imef</name>
      <display_name>Integrated Modified Energy Factor</display_name>
      <description>The Integrated Modified Energy Factor (IMEF) is the capacity of the clothes container divided by the total clothes washer energy consumption per cycle, where the energy consumption is the sum of the machine electrical energy consumption, the hot water energy consumption, the energy required for removal of the remaining moisture in the wash load, standby energy, and off-mode energy consumption. If only a Modified Energy Factor (MEF) is available, convert using the equation: IMEF = (MEF - 0.503) / 0.95.</description>
      <type>Double</type>
      <units>ft^3/kWh-cycle</units>
      <required>true</required>
      <model_dependent>false</model_dependent>
      <default_value>0.95</default_value>
    </argument>
    <argument>
      <name>cw_rated_annual_energy</name>
      <display_name>Clothes Washer Rated Annual Consumption</display_name>
      <description>The annual energy consumed by the clothes washer, as rated, obtained from the EnergyGuide label. This includes both the appliance electricity consumption and the energy required for water heating.</description>
      <type>Double</type>
      <units>kWh</units>
      <required>true</required>
      <model_dependent>false</model_dependent>
      <default_value>387</default_value>
    </argument>
    <argument>
      <name>cw_drum_volume</name>
      <display_name>Clothes Washer Drum Volume</display_name>
      <description>Volume of the washer drum.  Obtained from the EnergyStar website or the manufacturer's literature.</description>
      <type>Double</type>
      <units>ft^3</units>
      <required>true</required>
      <model_dependent>false</model_dependent>
      <default_value>3.5</default_value>
    </argument>
    <argument>
      <name>space</name>
      <display_name>Location</display_name>
      <description>Select the space where the cooking range is located. 'auto' will choose the lowest above-grade finished space available (e.g., first story living space), or a below-grade finished space as last resort. For multifamily buildings, 'auto' will choose a space for each unit of the building.</description>
      <type>Choice</type>
      <required>true</required>
      <model_dependent>false</model_dependent>
      <default_value>auto</default_value>
      <choices>
        <choice>
          <value>auto</value>
          <display_name>auto</display_name>
        </choice>
      </choices>
    </argument>
  </arguments>
  <outputs/>
  <provenances/>
  <tags>
    <tag>Equipment.Electric Equipment</tag>
  </tags>
  <attributes>
    <attribute>
      <name>Measure Type</name>
      <value>ModelMeasure</value>
      <datatype>string</datatype>
    </attribute>
    <attribute>
      <name>Uses SketchUp API</name>
      <value>false</value>
      <datatype>boolean</datatype>
    </attribute>
  </attributes>
  <files>
    <file>
      <filename>schedules.rb</filename>
      <filetype>rb</filetype>
      <usage_type>resource</usage_type>
      <checksum>38632BB3</checksum>
    </file>
    <file>
      <version>
        <software_program>OpenStudio</software_program>
        <identifier>1.4.0</identifier>
        <min_compatible>1.13.1</min_compatible>
      </version>
      <filename>measure.rb</filename>
      <filetype>rb</filetype>
      <usage_type>script</usage_type>
      <checksum>9C92421B</checksum>
    </file>
    <file>
      <filename>ResidentialClothesDryer_Test.rb</filename>
      <filetype>rb</filetype>
      <usage_type>test</usage_type>
      <checksum>7C534810</checksum>
    </file>
    <file>
      <filename>constants.rb</filename>
      <filetype>rb</filetype>
      <usage_type>resource</usage_type>
      <checksum>0E779DFB</checksum>
    </file>
    <file>
      <filename>SFD_2000sqft_2story_FB_GRG_UA.osm</filename>
      <filetype>osm</filetype>
      <usage_type>test</usage_type>
      <checksum>8CFCD1E6</checksum>
    </file>
    <file>
      <filename>SFD_2000sqft_2story_FB_GRG_UA_3Beds_2Baths.osm</filename>
      <filetype>osm</filetype>
      <usage_type>test</usage_type>
      <checksum>C9A9F008</checksum>
    </file>
    <file>
      <filename>SFD_2000sqft_2story_FB_GRG_UA_3Beds_2Baths_GasClothesDryer.osm</filename>
      <filetype>osm</filetype>
      <usage_type>test</usage_type>
      <checksum>AE7858C1</checksum>
    </file>
    <file>
      <filename>SFD_2000sqft_2story_FB_GRG_UA_3Beds_2Baths_PropaneClothesDryer.osm</filename>
      <filetype>osm</filetype>
      <usage_type>test</usage_type>
      <checksum>225FD4C5</checksum>
    </file>
    <file>
      <filename>MF_8units_1story_SL_3Beds_2Baths_Denver.osm</filename>
      <filetype>osm</filetype>
      <usage_type>test</usage_type>
      <checksum>3268B683</checksum>
    </file>
    <file>
      <filename>SFA_4units_1story_FB_UA_3Beds_2Baths_Denver.osm</filename>
      <filetype>osm</filetype>
      <usage_type>test</usage_type>
      <checksum>13B09A02</checksum>
    </file>
    <file>
      <filename>geometry.rb</filename>
      <filetype>rb</filetype>
      <usage_type>resource</usage_type>
      <checksum>04ACB78D</checksum>
    </file>
  </files>
</measure>
