<measure>
  <schema_version>3.0</schema_version>
  <name>add_building_america_benchmark_occupants</name>
  <uid>922fce56-377a-439d-8b3d-19f9c8bb91f5</uid>
  <version_id>f1a338a3-1b14-4524-9633-d3d82a081dab</version_id>
  <xml_checksum>5639FE46</xml_checksum>
  <class_name>AddBuildingAmericaBenchmarkOccupants</class_name>
  <display_name>AddBuildingAmericaBenchmarkOccupants</display_name>
  <description>This measure adds occupants to the home. The number of occupants depends on the number of bedrooms in the home. The schedule used by the occupants comes from the BUilding America House Simulation Protocols (http://energy.gov/sites/prod/files/2014/03/f13/house_simulation_protocols_2014.pdf). Users must also select which space is the living space (where occupants spend the majority of their time).</description>
  <modeler_description>Adds or replaces "People" objects to the building in the user specified zone.</modeler_description>
  <arguments>
    <argument>
      <name>NumBr</name>
      <display_name>Number of Bedrooms</display_name>
      <type>Integer</type>
      <required>true</required>
      <model_dependent>false</model_dependent>
      <default_value>1</default_value>
    </argument>
    <argument>
      <name>space_type</name>
      <display_name>Select the space where the occupants is located</display_name>
      <type>Choice</type>
      <required>true</required>
      <model_dependent>false</model_dependent>
    </argument>
  </arguments>
  <provenances/>
  <tags>
    <tag>People.People Schedules</tag>
  </tags>
  <attributes>
    <attribute>
      <name>Measure Type</name>
      <value>ModelMeasure</value>
      <datatype>string</datatype>
    </attribute>
    <attribute>
      <name>Uses SketchUp API</name>
      <value>false</value>
      <datatype>boolean</datatype>
    </attribute>
  </attributes>
  <files>
    <file>
      <filename>AddBuildingAmericaBenchmarkOccupants_Test.rb</filename>
      <filetype>rb</filetype>
      <usage_type>test</usage_type>
      <checksum>3F65B40F</checksum>
    </file>
    <file>
      <version>
        <software_program>OpenStudio</software_program>
        <identifier>1.4.0</identifier>
        <min_compatible>1.4.0</min_compatible>
      </version>
      <filename>measure.rb</filename>
      <filetype>rb</filetype>
      <usage_type>script</usage_type>
      <checksum>D9CFA6B4</checksum>
    </file>
    <file>
      <filename>util.rb</filename>
      <filetype>rb</filetype>
      <usage_type>resource</usage_type>
      <checksum>3D1ABA94</checksum>
    </file>
    <file>
      <filename>sim.rb</filename>
      <filetype>rb</filetype>
      <usage_type>resource</usage_type>
      <checksum>5E03A9C7</checksum>
    </file>
    <file>
      <filename>weather.rb</filename>
      <filetype>rb</filetype>
      <usage_type>resource</usage_type>
      <checksum>A38F0058</checksum>
    </file>
  </files>
</measure>
