<measure>
  <schema_version>3.0</schema_version>
  <name>process_constructions_slab</name>
  <uid>4fd36916-5b69-43d2-a7bb-e7fad34508db</uid>
  <version_id>ee873a2b-30bd-49d8-8c9b-676d31819086</version_id>
  <xml_checksum>1E963D9C</xml_checksum>
  <class_name>ProcessConstructionsSlab</class_name>
  <display_name>ProcessConstructionsSlab</display_name>
  <description>This measure creates slab constructions for the living space floor.</description>
  <modeler_description>Calculates material layer properties of slab constructions for the living space floor. Finds surfaces adjacent to the living space and sets applicable constructions.</modeler_description>
  <arguments>
    <argument>
      <name>selectedliving</name>
      <display_name>Of what space type is the living space?</display_name>
      <type>Choice</type>
      <required>true</required>
      <model_dependent>false</model_dependent>
    </argument>
    <argument>
      <name>selectedslabins</name>
      <display_name>Slab insulation type.</display_name>
      <type>Choice</type>
      <required>true</required>
      <model_dependent>false</model_dependent>
      <choices>
        <choice>
          <value>Uninsulated</value>
          <display_name>Uninsulated</display_name>
        </choice>
        <choice>
          <value>Perimeter</value>
          <display_name>Perimeter</display_name>
        </choice>
        <choice>
          <value>Exterior</value>
          <display_name>Exterior</display_name>
        </choice>
        <choice>
          <value>Whole Slab</value>
          <display_name>Whole Slab</display_name>
        </choice>
      </choices>
    </argument>
    <argument>
      <name>userdefinedslabperiextr</name>
      <display_name>Slab perimeter insulation R-value or exterior insulation R-value [hr-ft^2-R/Btu].</display_name>
      <type>Double</type>
      <required>false</required>
      <model_dependent>false</model_dependent>
    </argument>
    <argument>
      <name>userdefinedslabperiextwidthdepth</name>
      <display_name>Slab perimeter insulation width or exterior insulation depth [ft].</display_name>
      <type>Double</type>
      <required>false</required>
      <model_dependent>false</model_dependent>
    </argument>
    <argument>
      <name>userdefinedslabgapr</name>
      <display_name>Perimeter gap R-value or whole slab gap R-value [hr-ft^2-R/Btu].</display_name>
      <type>Double</type>
      <required>false</required>
      <model_dependent>false</model_dependent>
    </argument>
    <argument>
      <name>userdefinedslabwholer</name>
      <display_name>Whole slab insulation R-value [hr-ft^2-R/Btu].</display_name>
      <type>Double</type>
      <required>false</required>
      <model_dependent>false</model_dependent>
    </argument>
    <argument>
      <name>userdefinedcarpetr</name>
      <display_name>Carpet pad R-value [hr-ft^2-R/Btu].</display_name>
      <type>Double</type>
      <required>false</required>
      <model_dependent>false</model_dependent>
      <default_value>2.08</default_value>
    </argument>
    <argument>
      <name>userdefinedcarpetfrac</name>
      <display_name>Carpet floor fraction [frac].</display_name>
      <type>Double</type>
      <required>false</required>
      <model_dependent>false</model_dependent>
      <default_value>0.8</default_value>
    </argument>
    <argument>
      <name>userdefinedslabarea</name>
      <display_name>Area of the slab foundation [ft^2].</display_name>
      <type>Double</type>
      <required>true</required>
      <model_dependent>false</model_dependent>
      <default_value>1200</default_value>
    </argument>
    <argument>
      <name>userdefinedslabextperim</name>
      <display_name>Perimeter of the slab foundation [ft].</display_name>
      <type>Double</type>
      <required>true</required>
      <model_dependent>false</model_dependent>
      <default_value>140</default_value>
    </argument>
  </arguments>
  <provenances/>
  <tags>
    <tag>Envelope.Opaque</tag>
  </tags>
  <attributes>
    <attribute>
      <name>Measure Type</name>
      <value>ModelMeasure</value>
      <datatype>string</datatype>
    </attribute>
    <attribute>
      <name>Uses SketchUp API</name>
      <value>false</value>
      <datatype>boolean</datatype>
    </attribute>
  </attributes>
  <files>
    <file>
      <filename>ProcessConstructionsSlab_Test.rb</filename>
      <filetype>rb</filetype>
      <usage_type>test</usage_type>
      <checksum>5E27ABD3</checksum>
    </file>
    <file>
      <filename>util.rb</filename>
      <filetype>rb</filetype>
      <usage_type>resource</usage_type>
      <checksum>3D1ABA94</checksum>
    </file>
    <file>
      <version>
        <software_program>OpenStudio</software_program>
        <identifier>1.3.0</identifier>
        <min_compatible>1.3.0</min_compatible>
      </version>
      <filename>measure.rb</filename>
      <filetype>rb</filetype>
      <usage_type>script</usage_type>
      <checksum>9A7D35FA</checksum>
    </file>
    <file>
      <filename>weather.rb</filename>
      <filetype>rb</filetype>
      <usage_type>resource</usage_type>
      <checksum>A38F0058</checksum>
    </file>
    <file>
      <filename>sim.rb</filename>
      <filetype>rb</filetype>
      <usage_type>resource</usage_type>
      <checksum>4719A345</checksum>
    </file>
  </files>
</measure>
