<measure>
  <schema_version>3.0</schema_version>
  <name>residential_lighting</name>
  <uid>2c69a60e-501a-4516-a253-725d23808b2d</uid>
  <version_id>4f6f2b5a-e2c9-4604-ab75-c23398ff9914</version_id>
  <xml_checksum>2DDDDD82</xml_checksum>
  <class_name>ResidentialLighting</class_name>
  <display_name>ResidentialLighting</display_name>
  <description>Adds lighting to the building model. The lighting annual energy consumption can either be specified by the kWh/yr it consumes, the Building America Benchmark, or using more detailed inputs. More detailed inputs use the hardwired fraction, plugin fraction, and efficacy for CFLs, LED, and LFL. The schedule used for lighting is based on the Building America Benchmark and changes based on location. </description>
  <modeler_description>Adds a new lighting object that uses the Building America Benchmark schedule.</modeler_description>
  <arguments>
    <argument>
      <name>selected_ltg</name>
      <display_name>Lighting Energy Consumption Option</display_name>
      <type>Choice</type>
      <required>true</required>
      <model_dependent>false</model_dependent>
      <choices>
        <choice>
          <value>Benchmark</value>
          <display_name>Benchmark</display_name>
        </choice>
        <choice>
          <value>Simple</value>
          <display_name>Simple</display_name>
        </choice>
        <choice>
          <value>Detailed</value>
          <display_name>Detailed</display_name>
        </choice>
      </choices>
    </argument>
    <argument>
      <name>ltg_E</name>
      <display_name>Simple Interior Lighting Annual Energy Consumption (kWh/yr)</display_name>
      <type>Double</type>
      <required>true</required>
      <model_dependent>false</model_dependent>
      <default_value>0</default_value>
    </argument>
    <argument>
      <name>outside_ltg</name>
      <display_name>Building has exterior lighting</display_name>
      <type>Boolean</type>
      <required>true</required>
      <model_dependent>false</model_dependent>
      <default_value>true</default_value>
      <choices>
        <choice>
          <value>true</value>
          <display_name>true</display_name>
        </choice>
        <choice>
          <value>false</value>
          <display_name>false</display_name>
        </choice>
      </choices>
    </argument>
    <argument>
      <name>garage_ltg</name>
      <display_name>Building has a garage?</display_name>
      <type>Boolean</type>
      <required>true</required>
      <model_dependent>false</model_dependent>
      <default_value>true</default_value>
      <choices>
        <choice>
          <value>true</value>
          <display_name>true</display_name>
        </choice>
        <choice>
          <value>false</value>
          <display_name>false</display_name>
        </choice>
      </choices>
    </argument>
    <argument>
      <name>fb_ltg</name>
      <display_name>Building has a finished basement?</display_name>
      <type>Boolean</type>
      <required>true</required>
      <model_dependent>false</model_dependent>
      <default_value>true</default_value>
      <choices>
        <choice>
          <value>true</value>
          <display_name>true</display_name>
        </choice>
        <choice>
          <value>false</value>
          <display_name>false</display_name>
        </choice>
      </choices>
    </argument>
    <argument>
      <name>cfa</name>
      <display_name>Conditioned Floor Area (including basement if finished) (ft^2)</display_name>
      <type>Double</type>
      <required>true</required>
      <model_dependent>false</model_dependent>
      <default_value>1800</default_value>
    </argument>
    <argument>
      <name>gfa</name>
      <display_name>Garage Floor Area (ft^2)</display_name>
      <type>Double</type>
      <required>true</required>
      <model_dependent>false</model_dependent>
      <default_value>240</default_value>
    </argument>
    <argument>
      <name>fbfa</name>
      <display_name>Finished Basement Floor Area (ft^2)</display_name>
      <type>Double</type>
      <required>true</required>
      <model_dependent>false</model_dependent>
      <default_value>900</default_value>
    </argument>
    <argument>
      <name>hw_cfl</name>
      <display_name>Hardwired Fraction CFL</display_name>
      <type>Double</type>
      <required>true</required>
      <model_dependent>false</model_dependent>
      <default_value>0</default_value>
    </argument>
    <argument>
      <name>hw_led</name>
      <display_name>Hardwired Fraction LED</display_name>
      <type>Double</type>
      <required>true</required>
      <model_dependent>false</model_dependent>
      <default_value>0</default_value>
    </argument>
    <argument>
      <name>hw_lfl</name>
      <display_name>Hardwired Fraction LFL</display_name>
      <type>Double</type>
      <required>true</required>
      <model_dependent>false</model_dependent>
      <default_value>0</default_value>
    </argument>
    <argument>
      <name>pg_cfl</name>
      <display_name>Plugin Fraction CFL</display_name>
      <type>Double</type>
      <required>true</required>
      <model_dependent>false</model_dependent>
      <default_value>0</default_value>
    </argument>
    <argument>
      <name>pg_led</name>
      <display_name>Plugin Fraction LED</display_name>
      <type>Double</type>
      <required>true</required>
      <model_dependent>false</model_dependent>
      <default_value>0</default_value>
    </argument>
    <argument>
      <name>pg_lfl</name>
      <display_name>Plugin Fraction LFL</display_name>
      <type>Double</type>
      <required>true</required>
      <model_dependent>false</model_dependent>
      <default_value>0</default_value>
    </argument>
    <argument>
      <name>in_eff</name>
      <display_name>Incandescent Efficacy (lm/W))</display_name>
      <type>Double</type>
      <required>true</required>
      <model_dependent>false</model_dependent>
      <default_value>15</default_value>
    </argument>
    <argument>
      <name>cfl_eff</name>
      <display_name>CFL Efficacy (lm/W))</display_name>
      <type>Double</type>
      <required>true</required>
      <model_dependent>false</model_dependent>
      <default_value>55</default_value>
    </argument>
    <argument>
      <name>led_eff</name>
      <display_name>LED Efficacy (lm/W))</display_name>
      <type>Double</type>
      <required>true</required>
      <model_dependent>false</model_dependent>
      <default_value>50</default_value>
    </argument>
    <argument>
      <name>lfl_eff</name>
      <display_name>LFL Efficacy (lm/W))</display_name>
      <type>Double</type>
      <required>true</required>
      <model_dependent>false</model_dependent>
      <default_value>88</default_value>
    </argument>
    <argument>
      <name>space_type</name>
      <display_name>Select the space where the interior lighting is located</display_name>
      <type>Choice</type>
      <required>true</required>
      <model_dependent>false</model_dependent>
    </argument>
    <argument>
      <name>grg_space_type</name>
      <display_name>Select the garage space</display_name>
      <type>Choice</type>
      <required>false</required>
      <model_dependent>false</model_dependent>
    </argument>
    <argument>
      <name>fb_space_type</name>
      <display_name>Select the finished basement space</display_name>
      <type>Choice</type>
      <required>false</required>
      <model_dependent>false</model_dependent>
    </argument>
  </arguments>
  <provenances/>
  <tags>
    <tag>Electric Lighting.Lighting Equipment</tag>
  </tags>
  <attributes>
    <attribute>
      <name>Measure Type</name>
      <value>ModelMeasure</value>
      <datatype>string</datatype>
    </attribute>
    <attribute>
      <name>Uses SketchUp API</name>
      <value>false</value>
      <datatype>boolean</datatype>
    </attribute>
  </attributes>
  <files>
    <file>
      <filename>ResidentialLighting_Test.rb</filename>
      <filetype>rb</filetype>
      <usage_type>test</usage_type>
      <checksum>74335D8E</checksum>
    </file>
    <file>
      <filename>os_lib_geometry.rb</filename>
      <filetype>rb</filetype>
      <usage_type>resource</usage_type>
      <checksum>B9FBF466</checksum>
    </file>
    <file>
      <filename>util.rb</filename>
      <filetype>rb</filetype>
      <usage_type>resource</usage_type>
      <checksum>3D1ABA94</checksum>
    </file>
    <file>
      <version>
        <software_program>OpenStudio</software_program>
        <identifier>1.4.0</identifier>
        <min_compatible>1.4.0</min_compatible>
      </version>
      <filename>measure.rb</filename>
      <filetype>rb</filetype>
      <usage_type>script</usage_type>
      <checksum>07041E60</checksum>
    </file>
    <file>
      <filename>weather.rb</filename>
      <filetype>rb</filetype>
      <usage_type>resource</usage_type>
      <checksum>A38F0058</checksum>
    </file>
    <file>
      <filename>sim.rb</filename>
      <filetype>rb</filetype>
      <usage_type>resource</usage_type>
      <checksum>4719A345</checksum>
    </file>
  </files>
</measure>
