{
  "classname": "ProcessConstructionsExteriorUninsulatedWalls",
  "name": "process_constructions_exterior_uninsulated_walls",
  "display_name": "Process Constructions Exterior Uninsulated Walls",
  "measure_type": "RubyMeasure",
  "arguments": [
    {
      "local_variable": "selected_attic",
      "variable_type": "Choice",
      "name": "selectedattic",
      "display_name": "Of what space type is the attic",
      "units": null,
      "description": null,
      "choices": [

      ]
    },
    {
      "local_variable": "selected_garage",
      "variable_type": "Choice",
      "name": "selectedgarage",
      "display_name": "Of what space type is the garage",
      "units": null,
      "description": null,
      "choices": [

      ]
    }
  ],
  "name_xml": "process_constructions_exterior_uninsulated_walls",
  "uid": "ffe06b80-3296-436e-98b2-fe79b4c936de",
  "version_id": "9ebd75a2-dcd3-429e-a3cd-be752c866fb3",
  "modeler_description": "Calculates material layer properties of uninsulated, unfinished, stud and air constructions for the exterior walls of the attic and garage. Finds surfaces adjacent to the attic and garage and sets applicable constructions.",
  "description": "This measure creates uninsulated, unfinished, stud and air constructions for the exterior walls of the attic and garage.",
  "tags": [
    "Envelope.Opaque"
  ]
}