<measure>
  <schema_version>3.0</schema_version>
  <name>create_residential_eaves</name>
  <uid>13c930a5-6afa-4f3a-869a-48514ec7a224</uid>
  <version_id>0bd5b88e-3a50-4671-8280-5204f310e02b</version_id>
  <version_modified>20170310T183614Z</version_modified>
  <xml_checksum>0D0748A3</xml_checksum>
  <class_name>CreateResidentialEaves</class_name>
  <display_name>Set Residential Eaves</display_name>
  <description>Sets the eaves for the building.</description>
  <modeler_description>Performs a series of affine transformations on the roof decks into shading surfaces.</modeler_description>
  <arguments>
    <argument>
      <name>roof_structure</name>
      <display_name>Roof Structure</display_name>
      <description>The roof structure of the building.</description>
      <type>Choice</type>
      <required>true</required>
      <model_dependent>false</model_dependent>
      <default_value>truss, cantilever</default_value>
      <choices>
        <choice>
          <value>truss, cantilever</value>
          <display_name>truss, cantilever</display_name>
        </choice>
        <choice>
          <value>rafter</value>
          <display_name>rafter</display_name>
        </choice>
      </choices>
    </argument>
    <argument>
      <name>eaves_depth</name>
      <display_name>Eaves Depth</display_name>
      <description>The eaves depth of the roof.</description>
      <type>Double</type>
      <units>ft</units>
      <required>true</required>
      <model_dependent>false</model_dependent>
      <default_value>2</default_value>
    </argument>
  </arguments>
  <outputs/>
  <provenances/>
  <tags>
    <tag>Envelope.Form</tag>
  </tags>
  <attributes>
    <attribute>
      <name>Measure Type</name>
      <value>ModelMeasure</value>
      <datatype>string</datatype>
    </attribute>
    <attribute>
      <name>Intended Software Tool</name>
      <value>Apply Measure Now</value>
      <datatype>string</datatype>
    </attribute>
    <attribute>
      <name>Intended Software Tool</name>
      <value>OpenStudio Application</value>
      <datatype>string</datatype>
    </attribute>
    <attribute>
      <name>Intended Software Tool</name>
      <value>Parametric Analysis Tool</value>
      <datatype>string</datatype>
    </attribute>
  </attributes>
  <files>
    <file>
      <filename>USA_CO_Denver_Intl_AP_725650_TMY3.ddy</filename>
      <filetype>ddy</filetype>
      <usage_type>test</usage_type>
      <checksum>FB253570</checksum>
    </file>
    <file>
      <filename>USA_CO_Denver_Intl_AP_725650_TMY3.epw</filename>
      <filetype>epw</filetype>
      <usage_type>test</usage_type>
      <checksum>E23378AA</checksum>
    </file>
    <file>
      <version>
        <software_program>OpenStudio</software_program>
        <identifier>1.9.0</identifier>
        <min_compatible>1.13.1</min_compatible>
      </version>
      <filename>measure.rb</filename>
      <filetype>rb</filetype>
      <usage_type>script</usage_type>
      <checksum>1D368C38</checksum>
    </file>
    <file>
      <filename>create_residential_eaves_test.rb</filename>
      <filetype>rb</filetype>
      <usage_type>test</usage_type>
      <checksum>04A5DC6D</checksum>
    </file>
    <file>
      <filename>constants.rb</filename>
      <filetype>rb</filetype>
      <usage_type>resource</usage_type>
      <checksum>0E779DFB</checksum>
    </file>
    <file>
      <filename>SFD_2000sqft_2story_SL_FR_Denver_AspectRatioHalf.osm</filename>
      <filetype>osm</filetype>
      <usage_type>test</usage_type>
      <checksum>6E593994</checksum>
    </file>
    <file>
      <filename>SFD_2000sqft_2story_SL_FR_Denver_AspectRatioTwo.osm</filename>
      <filetype>osm</filetype>
      <usage_type>test</usage_type>
      <checksum>A8743AE6</checksum>
    </file>
    <file>
      <filename>SFD_2000sqft_2story_SL_UA_Denver_GableRoof_AspectRatioHalf.osm</filename>
      <filetype>osm</filetype>
      <usage_type>test</usage_type>
      <checksum>7E6604E9</checksum>
    </file>
    <file>
      <filename>SFD_2000sqft_2story_SL_UA_Denver_GableRoof_AspectRatioTwo.osm</filename>
      <filetype>osm</filetype>
      <usage_type>test</usage_type>
      <checksum>2B5F26E4</checksum>
    </file>
    <file>
      <filename>SFD_2000sqft_2story_SL_UA_Denver_HipRoof_AspectRatioHalf.osm</filename>
      <filetype>osm</filetype>
      <usage_type>test</usage_type>
      <checksum>22EB7355</checksum>
    </file>
    <file>
      <filename>SFD_2000sqft_2story_SL_UA_Denver_HipRoof_AspectRatioTwo.osm</filename>
      <filetype>osm</filetype>
      <usage_type>test</usage_type>
      <checksum>4DA81785</checksum>
    </file>
    <file>
      <filename>SFD_2000sqft_2story_SL_UA.osm</filename>
      <filetype>osm</filetype>
      <usage_type>test</usage_type>
      <checksum>CB0D31D6</checksum>
    </file>
    <file>
      <filename>SFA_4units_1story_FB_UA_Denver.osm</filename>
      <filetype>osm</filetype>
      <usage_type>test</usage_type>
      <checksum>B558D9C1</checksum>
    </file>
    <file>
      <filename>SFA_4units_1story_FB_UA_Denver_HipRoof.osm</filename>
      <filetype>osm</filetype>
      <usage_type>test</usage_type>
      <checksum>DAC616FE</checksum>
    </file>
    <file>
      <filename>SFA_4units_1story_FB_UA_Denver_FlatRoof.osm</filename>
      <filetype>osm</filetype>
      <usage_type>test</usage_type>
      <checksum>4777EF7B</checksum>
    </file>
    <file>
      <filename>SFD_2000sqft_2story_SL_GRG_FlatRoof.osm</filename>
      <filetype>osm</filetype>
      <usage_type>test</usage_type>
      <checksum>174D66BE</checksum>
    </file>
    <file>
      <filename>SFD_2000sqft_2story_SL_GRG_UA.osm</filename>
      <filetype>osm</filetype>
      <usage_type>test</usage_type>
      <checksum>5BB44DCC</checksum>
    </file>
    <file>
      <filename>SFD_2000sqft_2story_SL_GRGLeft_FlatRoof.osm</filename>
      <filetype>osm</filetype>
      <usage_type>test</usage_type>
      <checksum>26970FC0</checksum>
    </file>
    <file>
      <filename>MF_8units_1story_SL_Inset.osm</filename>
      <filetype>osm</filetype>
      <usage_type>test</usage_type>
      <checksum>0536E9A7</checksum>
    </file>
    <file>
      <filename>MF_8units_1story_SL_InsetLeft.osm</filename>
      <filetype>osm</filetype>
      <usage_type>test</usage_type>
      <checksum>9C28FD6F</checksum>
    </file>
    <file>
      <filename>SFD_2000sqft_1story_SL_GRG_FlatRoof.osm</filename>
      <filetype>osm</filetype>
      <usage_type>test</usage_type>
      <checksum>5860FE97</checksum>
    </file>
    <file>
      <filename>SFD_2000sqft_1story_SL_GRGLeft_FlatRoof.osm</filename>
      <filetype>osm</filetype>
      <usage_type>test</usage_type>
      <checksum>B51B01FA</checksum>
    </file>
    <file>
      <filename>geometry.rb</filename>
      <filetype>rb</filetype>
      <usage_type>resource</usage_type>
      <checksum>04ACB78D</checksum>
    </file>
  </files>
</measure>
