<measure>
  <schema_version>3.0</schema_version>
  <name>create_residential_single_family_detached_geometry</name>
  <uid>a1248ef4-c1ef-46ed-a9ea-4d8fbf719b6f</uid>
  <version_id>a7a86fe8-f4b5-45a0-a041-ecbfbe28c9e6</version_id>
  <version_modified>20170310T162904Z</version_modified>
  <xml_checksum>2AF3A68E</xml_checksum>
  <class_name>CreateResidentialSingleFamilyDetachedGeometry</class_name>
  <display_name>Create Residential Single-Family Detached Geometry</display_name>
  <description>Sets the basic geometry for the building. Building is limited to one foundation type. Garage is tucked within the building, on the front left or front right corners of the building.</description>
  <modeler_description>Gathers living space area, wall height per floor, number of floors, aspect ratio, garage width and depth, garage position, foundation type and wall height, attic and roof type, and roof pitch. Constructs building by calculating footprint and performing a series of affine transformations into living, foundation, and attic spaces.</modeler_description>
  <arguments>
    <argument>
      <name>total_ffa</name>
      <display_name>Total Finished Floor Area</display_name>
      <description>The total floor area of the finished space (including any finished basement floor area).</description>
      <type>Double</type>
      <units>ft^2</units>
      <required>true</required>
      <model_dependent>false</model_dependent>
      <default_value>2000</default_value>
    </argument>
    <argument>
      <name>living_height</name>
      <display_name>Wall Height (Per Floor)</display_name>
      <description>The height of the living space (and garage) walls.</description>
      <type>Double</type>
      <units>ft</units>
      <required>true</required>
      <model_dependent>false</model_dependent>
      <default_value>8</default_value>
    </argument>
    <argument>
      <name>num_floors</name>
      <display_name>Num Floors</display_name>
      <description>The number of floors above grade.</description>
      <type>Integer</type>
      <units>#</units>
      <required>true</required>
      <model_dependent>false</model_dependent>
      <default_value>2</default_value>
    </argument>
    <argument>
      <name>aspect_ratio</name>
      <display_name>Aspect Ratio</display_name>
      <description>The ratio of the front/back wall length to the left/right wall length, excluding any protruding garage wall area.</description>
      <type>Double</type>
      <units>FB/LR</units>
      <required>true</required>
      <model_dependent>false</model_dependent>
      <default_value>2</default_value>
    </argument>
    <argument>
      <name>garage_width</name>
      <display_name>Garage Width</display_name>
      <description>The width of the garage.</description>
      <type>Double</type>
      <units>ft</units>
      <required>true</required>
      <model_dependent>false</model_dependent>
      <default_value>0</default_value>
    </argument>
    <argument>
      <name>garage_depth</name>
      <display_name>Garage Depth</display_name>
      <description>The depth of the garage.</description>
      <type>Double</type>
      <units>ft</units>
      <required>true</required>
      <model_dependent>false</model_dependent>
      <default_value>20</default_value>
    </argument>
    <argument>
      <name>garage_protrusion</name>
      <display_name>Garage Protrusion</display_name>
      <description>The fraction of the garage that is protruding from the living space.</description>
      <type>Double</type>
      <units>frac</units>
      <required>true</required>
      <model_dependent>false</model_dependent>
      <default_value>0</default_value>
    </argument>
    <argument>
      <name>garage_pos</name>
      <display_name>Garage Position</display_name>
      <description>The position of the garage.</description>
      <type>Choice</type>
      <required>true</required>
      <model_dependent>false</model_dependent>
      <default_value>Right</default_value>
      <choices>
        <choice>
          <value>Right</value>
          <display_name>Right</display_name>
        </choice>
        <choice>
          <value>Left</value>
          <display_name>Left</display_name>
        </choice>
      </choices>
    </argument>
    <argument>
      <name>foundation_type</name>
      <display_name>Foundation Type</display_name>
      <description>The foundation type of the building.</description>
      <type>Choice</type>
      <required>true</required>
      <model_dependent>false</model_dependent>
      <default_value>slab</default_value>
      <choices>
        <choice>
          <value>slab</value>
          <display_name>slab</display_name>
        </choice>
        <choice>
          <value>crawlspace</value>
          <display_name>crawlspace</display_name>
        </choice>
        <choice>
          <value>unfinished basement</value>
          <display_name>unfinished basement</display_name>
        </choice>
        <choice>
          <value>finished basement</value>
          <display_name>finished basement</display_name>
        </choice>
        <choice>
          <value>pier and beam</value>
          <display_name>pier and beam</display_name>
        </choice>
      </choices>
    </argument>
    <argument>
      <name>foundation_height</name>
      <display_name>Crawlspace Height</display_name>
      <description>The height of the crawlspace walls.</description>
      <type>Double</type>
      <units>ft</units>
      <required>true</required>
      <model_dependent>false</model_dependent>
      <default_value>3</default_value>
    </argument>
    <argument>
      <name>attic_type</name>
      <display_name>Attic Type</display_name>
      <description>The attic type of the building.</description>
      <type>Choice</type>
      <required>true</required>
      <model_dependent>false</model_dependent>
      <default_value>unfinished attic</default_value>
      <choices>
        <choice>
          <value>unfinished attic</value>
          <display_name>unfinished attic</display_name>
        </choice>
        <choice>
          <value>finished attic</value>
          <display_name>finished attic</display_name>
        </choice>
      </choices>
    </argument>
    <argument>
      <name>roof_type</name>
      <display_name>Roof Type</display_name>
      <description>The roof type of the building.</description>
      <type>Choice</type>
      <required>true</required>
      <model_dependent>false</model_dependent>
      <default_value>gable</default_value>
      <choices>
        <choice>
          <value>gable</value>
          <display_name>gable</display_name>
        </choice>
        <choice>
          <value>hip</value>
          <display_name>hip</display_name>
        </choice>
        <choice>
          <value>flat</value>
          <display_name>flat</display_name>
        </choice>
      </choices>
    </argument>
    <argument>
      <name>roof_pitch</name>
      <display_name>Roof Pitch</display_name>
      <description>The roof pitch of the attic.</description>
      <type>Choice</type>
      <required>true</required>
      <model_dependent>false</model_dependent>
      <default_value>6:12</default_value>
      <choices>
        <choice>
          <value>1:12</value>
          <display_name>1:12</display_name>
        </choice>
        <choice>
          <value>2:12</value>
          <display_name>2:12</display_name>
        </choice>
        <choice>
          <value>3:12</value>
          <display_name>3:12</display_name>
        </choice>
        <choice>
          <value>4:12</value>
          <display_name>4:12</display_name>
        </choice>
        <choice>
          <value>5:12</value>
          <display_name>5:12</display_name>
        </choice>
        <choice>
          <value>6:12</value>
          <display_name>6:12</display_name>
        </choice>
        <choice>
          <value>7:12</value>
          <display_name>7:12</display_name>
        </choice>
        <choice>
          <value>8:12</value>
          <display_name>8:12</display_name>
        </choice>
        <choice>
          <value>9:12</value>
          <display_name>9:12</display_name>
        </choice>
        <choice>
          <value>10:12</value>
          <display_name>10:12</display_name>
        </choice>
        <choice>
          <value>11:12</value>
          <display_name>11:12</display_name>
        </choice>
        <choice>
          <value>12:12</value>
          <display_name>12:12</display_name>
        </choice>
      </choices>
    </argument>
  </arguments>
  <provenances/>
  <tags>
    <tag>Envelope.Form</tag>
  </tags>
  <attributes>
    <attribute>
      <name>Measure Type</name>
      <value>ModelMeasure</value>
      <datatype>string</datatype>
    </attribute>
    <attribute>
      <name>Intended Software Tool</name>
      <value>Apply Measure Now</value>
      <datatype>string</datatype>
    </attribute>
    <attribute>
      <name>Intended Software Tool</name>
      <value>OpenStudio Application</value>
      <datatype>string</datatype>
    </attribute>
    <attribute>
      <name>Intended Software Tool</name>
      <value>Parametric Analysis Tool</value>
      <datatype>string</datatype>
    </attribute>
  </attributes>
  <files>
    <file>
      <filename>create_residential_single_family_detached_geometry_test.rb</filename>
      <filetype>rb</filetype>
      <usage_type>test</usage_type>
      <checksum>5117CD09</checksum>
    </file>
    <file>
      <filename>constants.rb</filename>
      <filetype>rb</filetype>
      <usage_type>resource</usage_type>
      <checksum>0E779DFB</checksum>
    </file>
    <file>
      <filename>SFD_2000sqft_2story_SL_UA.osm</filename>
      <filetype>osm</filetype>
      <usage_type>test</usage_type>
      <checksum>CB0D31D6</checksum>
    </file>
    <file>
      <filename>geometry.rb</filename>
      <filetype>rb</filetype>
      <usage_type>resource</usage_type>
      <checksum>04ACB78D</checksum>
    </file>
    <file>
      <version>
        <software_program>OpenStudio</software_program>
        <identifier>1.12.4</identifier>
        <min_compatible>1.13.1</min_compatible>
      </version>
      <filename>measure.rb</filename>
      <filetype>rb</filetype>
      <usage_type>script</usage_type>
      <checksum>098F4DF4</checksum>
    </file>
  </files>
</measure>
