<measure>
  <schema_version>3.0</schema_version>
  <name>process_constructions_unfinished_attic</name>
  <uid>235ba3ce-dd83-4287-aa0e-435dc1cbf1a7</uid>
  <version_id>720aa3da-51e0-4542-8d68-e4ae0e3c25a1</version_id>
  <xml_checksum>1E963D9C</xml_checksum>
  <class_name>ProcessConstructionsUnfinishedAttic</class_name>
  <display_name>ProcessConstructionsUnfinishedAttic</display_name>
  <description>This measure creates constructions for the unfinished attic floor and ceiling.</description>
  <modeler_description>Calculates material layer properties of constructions for the unfinished attic floor and ceiling. Finds surfaces adjacent to the unfinished attic and sets applicable constructions.</modeler_description>
  <arguments>
    <argument>
      <name>selectedliving</name>
      <display_name>Of what space type is the living space?</display_name>
      <type>Choice</type>
      <required>true</required>
      <model_dependent>false</model_dependent>
    </argument>
    <argument>
      <name>selectedattic</name>
      <display_name>Of what space type is the attic?</display_name>
      <type>Choice</type>
      <required>true</required>
      <model_dependent>false</model_dependent>
    </argument>
    <argument>
      <name>selecteduains</name>
      <display_name>Unfinished attic insulation type.</display_name>
      <type>Choice</type>
      <required>true</required>
      <model_dependent>false</model_dependent>
      <choices>
        <choice>
          <value>Uninsulated</value>
          <display_name>Uninsulated</display_name>
        </choice>
        <choice>
          <value>Ceiling</value>
          <display_name>Ceiling</display_name>
        </choice>
        <choice>
          <value>Roof</value>
          <display_name>Roof</display_name>
        </choice>
      </choices>
    </argument>
    <argument>
      <name>userdefinedceilroofinsthickness</name>
      <display_name>Unfinished attic ceiling or roof cavity insulation thickness [in].</display_name>
      <type>Double</type>
      <required>false</required>
      <model_dependent>false</model_dependent>
      <default_value>0</default_value>
    </argument>
    <argument>
      <name>userdefineduaceilroofr</name>
      <display_name>Unfinished attic ceiling or roof cavity insulation R-value [hr-ft^2-R/Btu].</display_name>
      <type>Double</type>
      <required>false</required>
      <model_dependent>false</model_dependent>
      <default_value>0</default_value>
    </argument>
    <argument>
      <name>selecteduaceiljoistthickness</name>
      <display_name>Thickness of joists in the ceiling.</display_name>
      <type>Choice</type>
      <required>false</required>
      <model_dependent>false</model_dependent>
      <default_value>3.5</default_value>
      <choices>
        <choice>
          <value>3.5</value>
          <display_name>3.5</display_name>
        </choice>
      </choices>
    </argument>
    <argument>
      <name>userdefineduaceilff</name>
      <display_name>Unfinished attic ceiling framing factor [frac].</display_name>
      <type>Double</type>
      <required>false</required>
      <model_dependent>false</model_dependent>
      <default_value>0.07</default_value>
    </argument>
    <argument>
      <name>selecteduaroofframethickness</name>
      <display_name>Thickness of joists in the ceiling.</display_name>
      <type>Choice</type>
      <required>false</required>
      <model_dependent>false</model_dependent>
      <default_value>7.25</default_value>
      <choices>
        <choice>
          <value>7.25</value>
          <display_name>7.25</display_name>
        </choice>
      </choices>
    </argument>
    <argument>
      <name>userdefineduaroofff</name>
      <display_name>Unfinished attic roof framing factor [frac].</display_name>
      <type>Double</type>
      <required>false</required>
      <model_dependent>false</model_dependent>
      <default_value>0.07</default_value>
    </argument>
    <argument>
      <name>userdefinedrigidinsthickness</name>
      <display_name>Rigid insulation thickness of roof cavity [in].</display_name>
      <type>Double</type>
      <required>false</required>
      <model_dependent>false</model_dependent>
      <default_value>0</default_value>
    </argument>
    <argument>
      <name>userdefinedrigidinsr</name>
      <display_name>Rigid insulation R-value of roof cavity [hr-ft^2-R/Btu].</display_name>
      <type>Double</type>
      <required>false</required>
      <model_dependent>false</model_dependent>
      <default_value>0</default_value>
    </argument>
    <argument>
      <name>userdefinedhasradiantbarrier</name>
      <display_name>Roof has radiant barrier?</display_name>
      <type>Boolean</type>
      <required>true</required>
      <model_dependent>false</model_dependent>
      <choices>
        <choice>
          <value>true</value>
          <display_name>true</display_name>
        </choice>
        <choice>
          <value>false</value>
          <display_name>false</display_name>
        </choice>
      </choices>
    </argument>
    <argument>
      <name>userdefinedgypthickness</name>
      <display_name>Thickness of drywall layers [in].</display_name>
      <type>Double</type>
      <required>false</required>
      <model_dependent>false</model_dependent>
      <default_value>0.5</default_value>
    </argument>
    <argument>
      <name>userdefinedgyplayers</name>
      <display_name>Number of drywall layers.</display_name>
      <type>Double</type>
      <required>false</required>
      <model_dependent>false</model_dependent>
      <default_value>1</default_value>
    </argument>
    <argument>
      <name>userdefinedroofmatthermalabs</name>
      <display_name>Roofing material emissivity of unfinished attic.</display_name>
      <type>Double</type>
      <required>false</required>
      <model_dependent>false</model_dependent>
      <default_value>0.91</default_value>
    </argument>
    <argument>
      <name>userdefinedroofmatabs</name>
      <display_name>Roofing material absorptance of unfinished attic.</display_name>
      <type>Double</type>
      <required>false</required>
      <model_dependent>false</model_dependent>
      <default_value>0.85</default_value>
    </argument>
  </arguments>
  <provenances/>
  <tags>
    <tag>Envelope.Opaque</tag>
  </tags>
  <attributes>
    <attribute>
      <name>Measure Type</name>
      <value>ModelMeasure</value>
      <datatype>string</datatype>
    </attribute>
    <attribute>
      <name>Uses SketchUp API</name>
      <value>false</value>
      <datatype>boolean</datatype>
    </attribute>
  </attributes>
  <files>
    <file>
      <filename>ProcessConstructionsUnfinishedAttic_Test.rb</filename>
      <filetype>rb</filetype>
      <usage_type>test</usage_type>
      <checksum>8EE7482E</checksum>
    </file>
    <file>
      <filename>util.rb</filename>
      <filetype>rb</filetype>
      <usage_type>resource</usage_type>
      <checksum>3D1ABA94</checksum>
    </file>
    <file>
      <version>
        <software_program>OpenStudio</software_program>
        <identifier>1.3.0</identifier>
        <min_compatible>1.3.0</min_compatible>
      </version>
      <filename>measure.rb</filename>
      <filetype>rb</filetype>
      <usage_type>script</usage_type>
      <checksum>BA06FD18</checksum>
    </file>
    <file>
      <filename>weather.rb</filename>
      <filetype>rb</filetype>
      <usage_type>resource</usage_type>
      <checksum>A38F0058</checksum>
    </file>
    <file>
      <filename>sim.rb</filename>
      <filetype>rb</filetype>
      <usage_type>resource</usage_type>
      <checksum>4719A345</checksum>
    </file>
  </files>
</measure>
