<measure>
  <schema_version>3.0</schema_version>
  <error>Sizes of choiceValues and choiceDisplayNames do not match</error>
  <name>process_airflow</name>
  <uid>c4dde5f8-45aa-4381-93dc-e598f7c31155</uid>
  <version_id>0a4d16af-bcfa-4869-9e09-2e59d8dc3c8b</version_id>
  <xml_checksum>2AC0F979</xml_checksum>
  <class_name>ProcessAirflow</class_name>
  <display_name>ProcessAirflow</display_name>
  <description>This measure processes infiltration for the living space, garage, finished basement, unfinished basement, crawlspace, and unfinished attic. It also processes mechanical ventilation and natural ventilation for the living space.</description>
  <modeler_description>Using EMS code, this measure processes the building's airflow (infiltration, mechanical ventilation, and natural ventilation).</modeler_description>
  <arguments/>
  <provenances/>
  <tags>
    <tag>Envelope.Infiltration</tag>
  </tags>
  <attributes>
    <attribute>
      <name>Measure Type</name>
      <value>EnergyPlusMeasure</value>
      <datatype>string</datatype>
    </attribute>
    <attribute>
      <name>Uses SketchUp API</name>
      <value>false</value>
      <datatype>boolean</datatype>
    </attribute>
  </attributes>
  <files>
    <file>
      <filename>ProcessAirflow_Test.rb</filename>
      <filetype>rb</filetype>
      <usage_type>test</usage_type>
      <checksum>6EEE80CB</checksum>
    </file>
    <file>
      <version>
        <software_program>OpenStudio</software_program>
        <identifier>1.4.0</identifier>
        <min_compatible>1.4.0</min_compatible>
      </version>
      <filename>measure.rb</filename>
      <filetype>rb</filetype>
      <usage_type>script</usage_type>
      <checksum>6A4C12E9</checksum>
    </file>
    <file>
      <filename>sim.rb</filename>
      <filetype>rb</filetype>
      <usage_type>resource</usage_type>
      <checksum>AE5EF352</checksum>
    </file>
    <file>
      <filename>util.rb</filename>
      <filetype>rb</filetype>
      <usage_type>resource</usage_type>
      <checksum>3D1ABA94</checksum>
    </file>
    <file>
      <filename>weather.rb</filename>
      <filetype>rb</filetype>
      <usage_type>resource</usage_type>
      <checksum>6EA4777E</checksum>
    </file>
  </files>
</measure>
