<measure>
  <schema_version>3.0</schema_version>
  <name>create_residential_orientation</name>
  <uid>4bf5a7c5-bce4-404a-bc7b-72dc02b379f8</uid>
  <version_id>4a89dae0-ce04-4f0a-a7f8-71a964158c71</version_id>
  <version_modified>20170309T180738Z</version_modified>
  <xml_checksum>2AF3A68E</xml_checksum>
  <class_name>CreateResidentialOrientation</class_name>
  <display_name>Set Residential Orientation</display_name>
  <description>Sets the fixed orientation of the building.</description>
  <modeler_description>Modifies the North axis of the building.</modeler_description>
  <arguments>
    <argument>
      <name>orientation</name>
      <display_name>Azimuth</display_name>
      <description>The house's azimuth is measured clockwise from due south when viewed from above (e.g., South=0, West=90, North=180, East=270).</description>
      <type>Double</type>
      <units>degrees</units>
      <required>true</required>
      <model_dependent>false</model_dependent>
      <default_value>180</default_value>
    </argument>
  </arguments>
  <provenances/>
  <tags>
    <tag>Envelope.Form</tag>
  </tags>
  <attributes>
    <attribute>
      <name>Measure Type</name>
      <value>ModelMeasure</value>
      <datatype>string</datatype>
    </attribute>
    <attribute>
      <name>Intended Software Tool</name>
      <value>Apply Measure Now</value>
      <datatype>string</datatype>
    </attribute>
    <attribute>
      <name>Intended Software Tool</name>
      <value>OpenStudio Application</value>
      <datatype>string</datatype>
    </attribute>
    <attribute>
      <name>Intended Software Tool</name>
      <value>Parametric Analysis Tool</value>
      <datatype>string</datatype>
    </attribute>
  </attributes>
  <files>
    <file>
      <filename>USA_CO_Denver_Intl_AP_725650_TMY3.ddy</filename>
      <filetype>ddy</filetype>
      <usage_type>test</usage_type>
      <checksum>FB253570</checksum>
    </file>
    <file>
      <filename>USA_CO_Denver_Intl_AP_725650_TMY3.epw</filename>
      <filetype>epw</filetype>
      <usage_type>test</usage_type>
      <checksum>E23378AA</checksum>
    </file>
    <file>
      <version>
        <software_program>OpenStudio</software_program>
        <identifier>1.9.0</identifier>
        <min_compatible>1.13.1</min_compatible>
      </version>
      <filename>measure.rb</filename>
      <filetype>rb</filetype>
      <usage_type>script</usage_type>
      <checksum>52E2E0D2</checksum>
    </file>
    <file>
      <filename>create_residential_orientation_test.rb</filename>
      <filetype>rb</filetype>
      <usage_type>test</usage_type>
      <checksum>483E0010</checksum>
    </file>
    <file>
      <filename>MF_8units_1story_SL_Windows.osm</filename>
      <filetype>osm</filetype>
      <usage_type>test</usage_type>
      <checksum>CF2850BE</checksum>
    </file>
    <file>
      <filename>SFA_4units_1story_SL_UA_Windows.osm</filename>
      <filetype>osm</filetype>
      <usage_type>test</usage_type>
      <checksum>918B8544</checksum>
    </file>
    <file>
      <filename>SFD_2000sqft_2story_SL_UA_Denver.osm</filename>
      <filetype>osm</filetype>
      <usage_type>test</usage_type>
      <checksum>C3D47B00</checksum>
    </file>
  </files>
</measure>
