<measure>
  <schema_version>3.0</schema_version>
  <name>residential_cooking_range</name>
  <uid>246da4be-4924-41f5-8de0-177b42b7d6b5</uid>
  <version_id>84c6c299-c745-42ea-a671-23438234439c</version_id>
  <xml_checksum>126F1C43</xml_checksum>
  <class_name>ResidentialCookingRange</class_name>
  <display_name>Add/Replace Residential Cooking Range</display_name>
  <description>Adds (or replaces) a residential cooking range with the specified efficiency, operation, and schedule.</description>
  <modeler_description>Since there is no Cooking Range object in OpenStudio/EnergyPlus, we look for an ElectricEquipment or GasEquipment object with the name that denotes it is a residential cooking range. If one is found, it is replaced with the specified properties. Otherwise, a new such object is added to the model.</modeler_description>
  <arguments>
    <argument>
      <name>Num_Br</name>
      <display_name>Number of Bedrooms</display_name>
      <type>Choice</type>
      <required>true</required>
      <model_dependent>false</model_dependent>
      <default_value>3</default_value>
      <choices>
        <choice>
          <value>1</value>
          <display_name>1</display_name>
        </choice>
        <choice>
          <value>2</value>
          <display_name>2</display_name>
        </choice>
        <choice>
          <value>3</value>
          <display_name>3</display_name>
        </choice>
        <choice>
          <value>4</value>
          <display_name>4</display_name>
        </choice>
        <choice>
          <value>5+</value>
          <display_name>5+</display_name>
        </choice>
      </choices>
    </argument>
    <argument>
      <name>range_fuel</name>
      <display_name>Fuel Type</display_name>
      <description>Type of fuel used for heating.</description>
      <type>Choice</type>
      <required>true</required>
      <model_dependent>false</model_dependent>
      <default_value>electric</default_value>
      <choices>
        <choice>
          <value>electric</value>
          <display_name>electric</display_name>
        </choice>
        <choice>
          <value>gas</value>
          <display_name>gas</display_name>
        </choice>
      </choices>
    </argument>
    <argument>
      <name>C_ef</name>
      <display_name>Cooktop Energy Factor</display_name>
      <description>Cooktop energy factor determined by DOE test procedures for cooking appliances (DOE 1997).</description>
      <type>Double</type>
      <required>true</required>
      <model_dependent>false</model_dependent>
      <default_value>0.74</default_value>
    </argument>
    <argument>
      <name>O_ef</name>
      <display_name>Oven Energy Factor</display_name>
      <description>Oven energy factor determined by DOE test procedures for cooking appliances (DOE 1997).</description>
      <type>Double</type>
      <required>true</required>
      <model_dependent>false</model_dependent>
      <default_value>0.11</default_value>
    </argument>
    <argument>
      <name>e_ignition</name>
      <display_name>Has Electronic Ignition</display_name>
      <description>For gas/propane cooking ranges with electronic ignition, an extra (40 + 13.3x(#BR)) kWh/yr of electricity will be included.</description>
      <type>Boolean</type>
      <required>true</required>
      <model_dependent>false</model_dependent>
      <default_value>false</default_value>
      <choices>
        <choice>
          <value>true</value>
          <display_name>true</display_name>
        </choice>
        <choice>
          <value>false</value>
          <display_name>false</display_name>
        </choice>
      </choices>
    </argument>
    <argument>
      <name>mult</name>
      <display_name>Occupancy Energy Multiplier</display_name>
      <description>Appliance energy use is multiplied by this factor to account for occupancy usage that differs from the national average.</description>
      <type>Double</type>
      <required>true</required>
      <model_dependent>false</model_dependent>
      <default_value>1</default_value>
    </argument>
    <argument>
      <name>space_type</name>
      <display_name>Location</display_name>
      <description>Select the space where the cooking range is located</description>
      <type>Choice</type>
      <required>true</required>
      <model_dependent>false</model_dependent>
    </argument>
    <argument>
      <name>weekday_sch</name>
      <display_name>Weekday schedule</display_name>
      <description>Specify the 24-hour weekday schedule.</description>
      <type>String</type>
      <required>true</required>
      <model_dependent>false</model_dependent>
      <default_value>0.007, 0.007, 0.004, 0.004, 0.007, 0.011, 0.025, 0.042, 0.046, 0.048, 0.042, 0.050, 0.057, 0.046, 0.057, 0.044, 0.092, 0.150, 0.117, 0.060, 0.035, 0.025, 0.016, 0.011</default_value>
    </argument>
    <argument>
      <name>weekend_sch</name>
      <display_name>Weekend schedule</display_name>
      <description>Specify the 24-hour weekend schedule.</description>
      <type>String</type>
      <required>true</required>
      <model_dependent>false</model_dependent>
      <default_value>0.007, 0.007, 0.004, 0.004, 0.007, 0.011, 0.025, 0.042, 0.046, 0.048, 0.042, 0.050, 0.057, 0.046, 0.057, 0.044, 0.092, 0.150, 0.117, 0.060, 0.035, 0.025, 0.016, 0.011</default_value>
    </argument>
    <argument>
      <name>monthly_sch</name>
      <display_name>Month schedule</display_name>
      <description>Specify the 12-month schedule.</description>
      <type>String</type>
      <required>true</required>
      <model_dependent>false</model_dependent>
      <default_value>1.097, 1.097, 0.991, 0.987, 0.991, 0.890, 0.896, 0.896, 0.890, 1.085, 1.085, 1.097</default_value>
    </argument>
  </arguments>
  <provenances/>
  <tags>
    <tag>Equipment.Electric Equipment</tag>
  </tags>
  <attributes>
    <attribute>
      <name>Measure Type</name>
      <value>ModelMeasure</value>
      <datatype>string</datatype>
    </attribute>
    <attribute>
      <name>Uses SketchUp API</name>
      <value>false</value>
      <datatype>boolean</datatype>
    </attribute>
  </attributes>
  <files>
    <file>
      <filename>ResidentialCookingRange_Test.rb</filename>
      <filetype>rb</filetype>
      <usage_type>test</usage_type>
      <checksum>8CE5D019</checksum>
    </file>
    <file>
      <filename>constants.rb</filename>
      <filetype>rb</filetype>
      <usage_type>resource</usage_type>
      <checksum>4EE56212</checksum>
    </file>
    <file>
      <version>
        <software_program>OpenStudio</software_program>
        <identifier>1.9.0</identifier>
        <min_compatible>1.9.0</min_compatible>
      </version>
      <filename>measure.rb</filename>
      <filetype>rb</filetype>
      <usage_type>script</usage_type>
      <checksum>EE8DC378</checksum>
    </file>
    <file>
      <filename>schedules.rb</filename>
      <filetype>rb</filetype>
      <usage_type>resource</usage_type>
      <checksum>3357337E</checksum>
    </file>
  </files>
</measure>
