<measure>
  <schema_version>3.0</schema_version>
  <error>Sizes of choiceValues and choiceDisplayNames do not match</error>
  <name>residential_cooking_range</name>
  <uid>246da4be-4924-41f5-8de0-177b42b7d6b5</uid>
  <version_id>48012779-0a5d-421e-8a68-36f3c189c800</version_id>
  <xml_checksum>126F1C43</xml_checksum>
  <class_name>ResidentialCookingRange</class_name>
  <display_name>ResidentialCookingRange</display_name>
  <description>Adds a cooking range to the building. The range can use either gas or electricity. If there is already a gas or electric range in the building, it is replaced with the user selected range. Users can specify either the annual energy use (in kWh/yr), Benchmark multiplier, or the cooktop and oven energy factors. Users can also sepcify if the gas range uses a glo bar for ignition. Energy use for cases other than simple depends on the number of bedrooms as a way to determine how often the range is use. From BEopt, typical oven and cooktop energy factors for a typical electric range are O_EF = 0.11, C_EF = 0.74. For an induction range, O_EF = 0.11, C_EF = 0.84. For a gas range, O_EF = 0.058, C_EF = 0.4.</description>
  <modeler_description>Adds a new Electric Equipment or Gas Equipment object with a typical range schedule (the default defined in the Building America House Simulation Protocols: http://energy.gov/sites/prod/files/2014/03/f13/house_simulation_protocols_2014.pdf). If a gas range with a glo bar is selected, the model will have a separate Electric Equipment object to capture it's energy consumption.</modeler_description>
  <arguments/>
  <provenances/>
  <tags>
    <tag>Equipment.Electric Equipment</tag>
  </tags>
  <attributes>
    <attribute>
      <name>Measure Type</name>
      <value>ModelMeasure</value>
      <datatype>string</datatype>
    </attribute>
    <attribute>
      <name>Uses SketchUp API</name>
      <value>false</value>
      <datatype>boolean</datatype>
    </attribute>
  </attributes>
  <files>
    <file>
      <filename>ResidentialCookingRange_Test.rb</filename>
      <filetype>rb</filetype>
      <usage_type>test</usage_type>
      <checksum>8CE5D019</checksum>
    </file>
    <file>
      <version>
        <software_program>OpenStudio</software_program>
        <identifier>1.4.0</identifier>
        <min_compatible>1.4.0</min_compatible>
      </version>
      <filename>measure.rb</filename>
      <filetype>rb</filetype>
      <usage_type>script</usage_type>
      <checksum>DEDCAA56</checksum>
    </file>
    <file>
      <filename>sim.rb</filename>
      <filetype>rb</filetype>
      <usage_type>resource</usage_type>
      <checksum>AE5EF352</checksum>
    </file>
    <file>
      <filename>util.rb</filename>
      <filetype>rb</filetype>
      <usage_type>resource</usage_type>
      <checksum>3D1ABA94</checksum>
    </file>
    <file>
      <filename>weather.rb</filename>
      <filetype>rb</filetype>
      <usage_type>resource</usage_type>
      <checksum>6EA4777E</checksum>
    </file>
  </files>
</measure>
