<measure>
  <schema_version>3.0</schema_version>
  <name>process_thermal_mass_partition_wall</name>
  <uid>7bf22221-1930-4c89-baf9-02a6878c9ad4</uid>
  <version_id>81eea7ba-c3ba-436b-b403-da6aa2516bac</version_id>
  <xml_checksum>45097B60</xml_checksum>
  <class_name>ProcessThermalMassPartitionWall</class_name>
  <display_name>Add/Replace Residential Partition Wall Thermal Mass</display_name>
  <description>This measure creates internal mass for partition walls in the living space and finished basement.</description>
  <modeler_description>This measure creates constructions representing the internal mass of partition walls in the living space and finished basement. The constructions are set to define the internal mass objects of their respective spaces.</modeler_description>
  <arguments>
    <argument>
      <name>selectedliving</name>
      <display_name>Living Space</display_name>
      <description>The living space type.</description>
      <type>Choice</type>
      <required>true</required>
      <model_dependent>false</model_dependent>
    </argument>
    <argument>
      <name>selectedfbsmt</name>
      <display_name>Finished Basement Space</display_name>
      <description>The finished basement space type.</description>
      <type>Choice</type>
      <required>false</required>
      <model_dependent>false</model_dependent>
    </argument>
    <argument>
      <name>userdefinedpartitionwallmassth</name>
      <display_name>Partition Wall Mass: Thickness</display_name>
      <description>Thickness of the layer.</description>
      <type>Double</type>
      <units>in</units>
      <required>false</required>
      <model_dependent>false</model_dependent>
      <default_value>0.5</default_value>
    </argument>
    <argument>
      <name>userdefinedpartitionwallmasscond</name>
      <display_name>Partition Wall Mass: Conductivity</display_name>
      <description>Conductivity of the layer.</description>
      <type>Double</type>
      <units>Btu-in/h-ft^2-R</units>
      <required>false</required>
      <model_dependent>false</model_dependent>
      <default_value>1.1112</default_value>
    </argument>
    <argument>
      <name>userdefinedpartitionwallmassdens</name>
      <display_name>Partition Wall Mass: Density</display_name>
      <description>Density of the layer.</description>
      <type>Double</type>
      <units>lb/ft^3</units>
      <required>false</required>
      <model_dependent>false</model_dependent>
      <default_value>50</default_value>
    </argument>
    <argument>
      <name>userdefinedpartitionwallmasssh</name>
      <display_name>Partition Wall Mass: Specific Heat</display_name>
      <description>Specific heat of the layer.</description>
      <type>Double</type>
      <units>Btu/lb-R</units>
      <required>false</required>
      <model_dependent>false</model_dependent>
      <default_value>0.2</default_value>
    </argument>
    <argument>
      <name>userdefinedpartitionwallfrac</name>
      <display_name>Partition Wall Mass: Fraction of Floor Area</display_name>
      <description>Ratio of exposed partition wall area to total conditioned floor area and accounts for the area of both sides of partition walls.</description>
      <type>Double</type>
      <required>false</required>
      <model_dependent>false</model_dependent>
      <default_value>1</default_value>
    </argument>
    <argument>
      <name>userdefinedlivingarea</name>
      <display_name>Living Space Area</display_name>
      <description>The area of the living space.</description>
      <type>Double</type>
      <units>ft^2</units>
      <required>true</required>
      <model_dependent>false</model_dependent>
      <default_value>2700</default_value>
    </argument>
    <argument>
      <name>userdefinedfbsmtarea</name>
      <display_name>Finished Basement Area</display_name>
      <description>The area of the finished basement.</description>
      <type>Double</type>
      <units>ft^2</units>
      <required>true</required>
      <model_dependent>false</model_dependent>
      <default_value>0</default_value>
    </argument>
  </arguments>
  <provenances/>
  <tags>
    <tag>Envelope.Form</tag>
  </tags>
  <attributes>
    <attribute>
      <name>Measure Type</name>
      <value>ModelMeasure</value>
      <datatype>string</datatype>
    </attribute>
    <attribute>
      <name>Uses SketchUp API</name>
      <value>false</value>
      <datatype>boolean</datatype>
    </attribute>
  </attributes>
  <files>
    <file>
      <filename>ProcessThermalMassPartitionWall_Test.rb</filename>
      <filetype>rb</filetype>
      <usage_type>test</usage_type>
      <checksum>F8535F2F</checksum>
    </file>
    <file>
      <filename>util.rb</filename>
      <filetype>rb</filetype>
      <usage_type>resource</usage_type>
      <checksum>39852CD3</checksum>
    </file>
    <file>
      <filename>weather.rb</filename>
      <filetype>rb</filetype>
      <usage_type>resource</usage_type>
      <checksum>72EDEC43</checksum>
    </file>
    <file>
      <version>
        <software_program>OpenStudio</software_program>
        <identifier>1.4.0</identifier>
        <min_compatible>1.4.0</min_compatible>
      </version>
      <filename>measure.rb</filename>
      <filetype>rb</filetype>
      <usage_type>script</usage_type>
      <checksum>0C132BF7</checksum>
    </file>
    <file>
      <filename>sim.rb</filename>
      <filetype>rb</filetype>
      <usage_type>resource</usage_type>
      <checksum>DE989593</checksum>
    </file>
  </files>
</measure>
