<Attribute>
  <UUID>{b8c02189-0db3-445a-8e63-2567e9448d75}</UUID>
  <VersionUUID>{d70569f5-4e91-4564-8e01-7194c29aefe9}</VersionUUID>
  <Name>Report</Name>
  <ValueType>AttributeVector</ValueType>
  <Value>
    <Attribute>
      <UUID>{ff5681a0-f406-4856-be0f-204568131f1a}</UUID>
      <VersionUUID>{b76076ee-6c69-43a2-89ed-59f42ccc06ea}</VersionUUID>
      <Name>Total Site Energy</Name>
      <Source>OpenStudioPostProcess</Source>
      <ValueType>Double</ValueType>
      <Value>457.85</Value>
      <Units>GJ</Units>
    </Attribute>
    <Attribute>
      <UUID>{94527a84-2248-4087-9865-f1896fdd23d4}</UUID>
      <VersionUUID>{589b78af-e7af-4353-9960-78573985ff50}</VersionUUID>
      <Name>Net Site Energy</Name>
      <Source>OpenStudioPostProcess</Source>
      <ValueType>Double</ValueType>
      <Value>457.85</Value>
      <Units>GJ</Units>
    </Attribute>
    <Attribute>
      <UUID>{3a72bda6-ed0f-4a48-b350-b2cae04f3caf}</UUID>
      <VersionUUID>{8b0843ac-6b85-49da-998f-50e9a93b1228}</VersionUUID>
      <Name>Total Source Energy</Name>
      <Source>OpenStudioPostProcess</Source>
      <ValueType>Double</ValueType>
      <Value>568.7</Value>
      <Units>GJ</Units>
    </Attribute>
    <Attribute>
      <UUID>{f3df3468-3fdd-4b00-a49e-84b011ed7768}</UUID>
      <VersionUUID>{9d6be985-c2af-4f0b-ae10-28a775a88b21}</VersionUUID>
      <Name>Net Source Energy</Name>
      <Source>OpenStudioPostProcess</Source>
      <ValueType>Double</ValueType>
      <Value>568.7</Value>
      <Units>GJ</Units>
    </Attribute>
    <Attribute>
      <UUID>{036f6519-d359-43c8-9b83-b50f602c0ba4}</UUID>
      <VersionUUID>{73333be6-3a79-49a0-8316-d4607b130636}</VersionUUID>
      <Name>Net Site Energy Use Intensity</Name>
      <Source>OpenStudioPostProcess</Source>
      <ValueType>Double</ValueType>
      <Value>1095.17</Value>
      <Units>MJ/m^2</Units>
    </Attribute>
    <Attribute>
      <UUID>{82aed6f5-d8f1-4a16-86de-3ddb27ee8100}</UUID>
      <VersionUUID>{0fcef338-068b-4723-9032-ad36c5200f77}</VersionUUID>
      <Name>Instantaneous Peak Electricity Demand</Name>
      <Source>OpenStudioPostProcess</Source>
      <ValueType>Double</ValueType>
      <Value>3881.57</Value>
      <Units>kW</Units>
    </Attribute>
    <Attribute>
      <UUID>{af783c1f-707b-4303-b6ee-1c5f5f58391a}</UUID>
      <VersionUUID>{67409a02-3d46-4861-9d1b-d14746711434}</VersionUUID>
      <Name>Electricity Total End Uses</Name>
      <Source>OpenStudioPostProcess</Source>
      <ValueType>Double</ValueType>
      <Value>34.76</Value>
      <Units>GJ</Units>
    </Attribute>
    <Attribute>
      <UUID>{105aa2cb-df44-4fbe-a9f4-7213100580e5}</UUID>
      <VersionUUID>{640c0cdb-7c6c-4c64-aed1-8a56099e0528}</VersionUUID>
      <Name>Natural Gas Total End Uses</Name>
      <Source>OpenStudioPostProcess</Source>
      <ValueType>Double</ValueType>
      <Value>423.09</Value>
      <Units>GJ</Units>
    </Attribute>
    <Attribute>
      <UUID>{94d82e31-acd3-4a83-b58d-40fe2fc40860}</UUID>
      <VersionUUID>{0d4b3bf0-7667-41c7-87c8-6f63ee30b730}</VersionUUID>
      <Name>District Cooling Total End Uses</Name>
      <Source>OpenStudioPostProcess</Source>
      <ValueType>Double</ValueType>
      <Value>0</Value>
      <Units>GJ</Units>
    </Attribute>
    <Attribute>
      <UUID>{1257fba4-abbb-4b8a-97d9-74cd88d651c6}</UUID>
      <VersionUUID>{accd62a3-9695-46ff-88db-18d9257a82f1}</VersionUUID>
      <Name>District Heating Total End Uses</Name>
      <Source>OpenStudioPostProcess</Source>
      <ValueType>Double</ValueType>
      <Value>0</Value>
      <Units>GJ</Units>
    </Attribute>
    <Attribute>
      <UUID>{e4bef91c-7c8e-48c2-aa10-e589f1d66aa6}</UUID>
      <VersionUUID>{45890f7e-2454-4e71-8b8f-05a3197f393c}</VersionUUID>
      <Name>Other Fuel Total End Uses</Name>
      <Source>OpenStudioPostProcess</Source>
      <ValueType>Double</ValueType>
      <Value>0</Value>
      <Units>GJ</Units>
    </Attribute>
    <Attribute>
      <UUID>{4fb3b675-4fde-4e70-aa26-e52662a7c62f}</UUID>
      <VersionUUID>{8b0deab2-e54a-48b4-b916-cf18d741db42}</VersionUUID>
      <Name>EndUses.Electricity.Cooling.General</Name>
      <Source>OpenStudioPostProcess</Source>
      <ValueType>Double</ValueType>
      <Value>2.58</Value>
      <Units>GJ</Units>
    </Attribute>
    <Attribute>
      <UUID>{76974a8d-9005-44c6-8479-cb8ec73b59e2}</UUID>
      <VersionUUID>{275317e0-dcc4-4fa9-82ec-20a3982d6b2a}</VersionUUID>
      <Name>EndUses.Electricity.InteriorLights.General</Name>
      <Source>OpenStudioPostProcess</Source>
      <ValueType>Double</ValueType>
      <Value>6.59</Value>
      <Units>GJ</Units>
    </Attribute>
    <Attribute>
      <UUID>{5a332cb4-85f4-4391-a8d0-d756f160ee6d}</UUID>
      <VersionUUID>{6a8f90be-808a-4ade-8a5c-4b96eec1330f}</VersionUUID>
      <Name>EndUses.Electricity.ExteriorLights.General</Name>
      <Source>OpenStudioPostProcess</Source>
      <ValueType>Double</ValueType>
      <Value>1.41</Value>
      <Units>GJ</Units>
    </Attribute>
    <Attribute>
      <UUID>{56137ff8-6bae-4623-a524-17fbbf13d80b}</UUID>
      <VersionUUID>{2c81185c-22c4-4e79-9153-090193c50f81}</VersionUUID>
      <Name>EndUses.Electricity.InteriorEquipment.General</Name>
      <Source>OpenStudioPostProcess</Source>
      <ValueType>Double</ValueType>
      <Value>13.85</Value>
      <Units>GJ</Units>
    </Attribute>
    <Attribute>
      <UUID>{f928d991-51d3-4db9-a9c7-6420c147470e}</UUID>
      <VersionUUID>{7457fa8d-e4ae-4c5d-a238-972bc8d15790}</VersionUUID>
      <Name>EndUses.Electricity.Fans.General</Name>
      <Source>OpenStudioPostProcess</Source>
      <ValueType>Double</ValueType>
      <Value>10.32</Value>
      <Units>GJ</Units>
    </Attribute>
    <Attribute>
      <UUID>{ed3a8ea8-5994-4c50-aed0-8a60e7541d59}</UUID>
      <VersionUUID>{81662b9c-f9ac-4ddf-bd18-bf34af4b0daf}</VersionUUID>
      <Name>EndUses.Gas.Heating.General</Name>
      <Source>OpenStudioPostProcess</Source>
      <ValueType>Double</ValueType>
      <Value>397.89</Value>
      <Units>GJ</Units>
    </Attribute>
    <Attribute>
      <UUID>{cec8ca24-217f-4b92-8d3f-56727e42ff26}</UUID>
      <VersionUUID>{9d5a74bb-d4b6-428e-a002-3f81d14555fa}</VersionUUID>
      <Name>EndUses.Gas.InteriorEquipment.General</Name>
      <Source>OpenStudioPostProcess</Source>
      <ValueType>Double</ValueType>
      <Value>0.82</Value>
      <Units>GJ</Units>
    </Attribute>
    <Attribute>
      <UUID>{5726a351-5003-4815-a204-54992f7d7c5e}</UUID>
      <VersionUUID>{1dc95230-4236-455a-bee1-d210d07597c5}</VersionUUID>
      <Name>EndUses.Gas.WaterSystems.General</Name>
      <Source>OpenStudioPostProcess</Source>
      <ValueType>Double</ValueType>
      <Value>24.38</Value>
      <Units>GJ</Units>
    </Attribute>
    <Attribute>
      <UUID>{0a10fdc5-0eb9-4b5d-876e-4fc5cc4e8cab}</UUID>
      <VersionUUID>{02d7c61b-9a62-454a-b5c5-d31fe2094f49}</VersionUUID>
      <Name>EndUses.Water.WaterSystems.General</Name>
      <Source>OpenStudioPostProcess</Source>
      <ValueType>Double</ValueType>
      <Value>90.11</Value>
      <Units>m3</Units>
    </Attribute>
    <Attribute>
      <UUID>{83f92374-e4d9-42bc-b982-510daae3a9cd}</UUID>
      <VersionUUID>{cf7135de-49d0-4f95-98c9-787ae9e26d5b}</VersionUUID>
      <Name>First Year Capital Costs</Name>
      <Source>OpenStudioPostProcess</Source>
      <ValueType>Double</ValueType>
      <Value>0</Value>
      <Units>$</Units>
    </Attribute>
    <Attribute>
      <UUID>{3c5e7d2b-72d5-4085-bf4d-adc9ea6b7abd}</UUID>
      <VersionUUID>{438c4bb3-04bd-4ec9-977a-d3bf838f7335}</VersionUUID>
      <Name>Total Life Cycle Cost</Name>
      <Source>OpenStudioPostProcess</Source>
      <ValueType>Double</ValueType>
      <Value>0</Value>
      <Units>$</Units>
    </Attribute>
    <Attribute>
      <UUID>{590fe5a6-1db9-44fc-acea-0a5c8ff61a93}</UUID>
      <VersionUUID>{4ef8342e-8b87-46c0-ae99-988e5c1db0b1}</VersionUUID>
      <Name>floorArea</Name>
      <DisplayName>Floor Area</DisplayName>
      <Source>OpenStudioPostProcess</Source>
      <ValueType>Double</ValueType>
      <Value>418.06368</Value>
      <Units>m^2</Units>
    </Attribute>
    <Attribute>
      <UUID>{29996997-f2a5-4683-9cea-fd542a59ebef}</UUID>
      <VersionUUID>{8a9c012e-112b-4204-8431-58b7cf66bdb9}</VersionUUID>
      <Name>conditionedFloorArea</Name>
      <DisplayName>Conditioned Floor Area</DisplayName>
      <Source>OpenStudioPostProcess</Source>
      <ValueType>Double</ValueType>
      <Value>250.838208</Value>
      <Units>m^2</Units>
    </Attribute>
    <Attribute>
      <UUID>{1add618c-db07-4ee7-a20c-398126a083f6}</UUID>
      <VersionUUID>{c66c91ca-48a5-4623-b9d8-7d8defa1da7b}</VersionUUID>
      <Name>EndUses</Name>
      <Source>OpenStudioPostProcess</Source>
      <ValueType>AttributeVector</ValueType>
      <Value>
        <Attribute>
          <UUID>{d430e39b-161c-4e58-be56-8f5b832eaf55}</UUID>
          <VersionUUID>{d80b2406-997f-4f74-826a-4591ba7fed16}</VersionUUID>
          <Name>Electricity</Name>
          <ValueType>AttributeVector</ValueType>
          <Value>
            <Attribute>
              <UUID>{8eb97b8a-f0f0-4ff0-a994-a4138a6308e0}</UUID>
              <VersionUUID>{483316fd-a6c2-4113-881d-01ff4fdccdeb}</VersionUUID>
              <Name>Cooling</Name>
              <ValueType>AttributeVector</ValueType>
              <Value>
                <Attribute>
                  <UUID>{bbb7002c-6802-4de4-b9a9-33510b42a633}</UUID>
                  <VersionUUID>{c3826984-aaf6-4912-84d3-123cd79e5498}</VersionUUID>
                  <Name>General</Name>
                  <ValueType>Double</ValueType>
                  <Value>2.58</Value>
                  <Units>GJ</Units>
                </Attribute>
              </Value>
            </Attribute>
            <Attribute>
              <UUID>{2d9cab45-c972-4445-a646-7ba83e6c7b55}</UUID>
              <VersionUUID>{d782010a-6788-45a2-a41b-445f1684a57d}</VersionUUID>
              <Name>InteriorLights</Name>
              <ValueType>AttributeVector</ValueType>
              <Value>
                <Attribute>
                  <UUID>{519beece-48cb-4e22-889b-8f2a01308026}</UUID>
                  <VersionUUID>{60f66e0d-7af9-45ab-9e9f-d28c6227b1cc}</VersionUUID>
                  <Name>General</Name>
                  <ValueType>Double</ValueType>
                  <Value>6.59</Value>
                  <Units>GJ</Units>
                </Attribute>
              </Value>
            </Attribute>
            <Attribute>
              <UUID>{3dec6600-5fcd-4a3a-a27c-a9c5f9791ecc}</UUID>
              <VersionUUID>{feeb07cb-8fa3-4bee-b82e-7f70292da01f}</VersionUUID>
              <Name>ExteriorLights</Name>
              <ValueType>AttributeVector</ValueType>
              <Value>
                <Attribute>
                  <UUID>{ab7fc035-5e9a-4d2c-aaae-ce520c587b03}</UUID>
                  <VersionUUID>{d997055d-fea3-4154-aa63-644373eb40b8}</VersionUUID>
                  <Name>General</Name>
                  <ValueType>Double</ValueType>
                  <Value>1.41</Value>
                  <Units>GJ</Units>
                </Attribute>
              </Value>
            </Attribute>
            <Attribute>
              <UUID>{c4b87f45-422d-4191-b188-6ed4f088448a}</UUID>
              <VersionUUID>{88bc3e26-b034-40c9-a2aa-1bea26e686cf}</VersionUUID>
              <Name>InteriorEquipment</Name>
              <ValueType>AttributeVector</ValueType>
              <Value>
                <Attribute>
                  <UUID>{7cb91bf3-5d69-4e39-bb42-9dd17f2a106e}</UUID>
                  <VersionUUID>{ae6a0751-8ceb-4573-be9c-d01e24d0eadf}</VersionUUID>
                  <Name>General</Name>
                  <ValueType>Double</ValueType>
                  <Value>13.85</Value>
                  <Units>GJ</Units>
                </Attribute>
              </Value>
            </Attribute>
            <Attribute>
              <UUID>{460d2a1f-b1d4-42e5-90da-b2a0aefaed3d}</UUID>
              <VersionUUID>{888f2527-6bcb-48d0-81ec-170f0d679220}</VersionUUID>
              <Name>Fans</Name>
              <ValueType>AttributeVector</ValueType>
              <Value>
                <Attribute>
                  <UUID>{01600e0e-d1b1-402b-88d6-4963ac884a8f}</UUID>
                  <VersionUUID>{21c43b62-45c8-470f-a144-1fc0ccf9f505}</VersionUUID>
                  <Name>General</Name>
                  <ValueType>Double</ValueType>
                  <Value>10.32</Value>
                  <Units>GJ</Units>
                </Attribute>
              </Value>
            </Attribute>
          </Value>
        </Attribute>
        <Attribute>
          <UUID>{1d20d4b6-67b7-4818-8496-ca3c9396131c}</UUID>
          <VersionUUID>{02868fe8-32ae-4706-809e-fa6ac8e787ea}</VersionUUID>
          <Name>Gas</Name>
          <ValueType>AttributeVector</ValueType>
          <Value>
            <Attribute>
              <UUID>{2c546731-7ded-44a2-85c6-4977d3827323}</UUID>
              <VersionUUID>{a5f01a22-3b65-4717-b6d1-d4215dd452ea}</VersionUUID>
              <Name>Heating</Name>
              <ValueType>AttributeVector</ValueType>
              <Value>
                <Attribute>
                  <UUID>{8e92224c-3109-4faa-a543-889fa046a489}</UUID>
                  <VersionUUID>{6f11828f-303a-4278-911c-b65451f16f24}</VersionUUID>
                  <Name>General</Name>
                  <ValueType>Double</ValueType>
                  <Value>397.89</Value>
                  <Units>GJ</Units>
                </Attribute>
              </Value>
            </Attribute>
            <Attribute>
              <UUID>{7c89cc59-e065-4934-b3cc-e89ae5bcdd6a}</UUID>
              <VersionUUID>{f86d24cd-075d-4afb-91b0-39296010317a}</VersionUUID>
              <Name>InteriorEquipment</Name>
              <ValueType>AttributeVector</ValueType>
              <Value>
                <Attribute>
                  <UUID>{da4c8ac9-cac2-4bc8-a0d6-b5f45f518d90}</UUID>
                  <VersionUUID>{55bcb24e-fd95-47a5-98d2-4974d8328462}</VersionUUID>
                  <Name>General</Name>
                  <ValueType>Double</ValueType>
                  <Value>0.82</Value>
                  <Units>GJ</Units>
                </Attribute>
              </Value>
            </Attribute>
            <Attribute>
              <UUID>{488c8f4f-e9b8-4a29-b782-28214697bf68}</UUID>
              <VersionUUID>{b099bbe6-746d-4d42-b069-3202e498340c}</VersionUUID>
              <Name>WaterSystems</Name>
              <ValueType>AttributeVector</ValueType>
              <Value>
                <Attribute>
                  <UUID>{2c93506b-e373-499f-a39a-415e05708db3}</UUID>
                  <VersionUUID>{01015bb0-e867-4427-b8cb-01c6e8c67873}</VersionUUID>
                  <Name>General</Name>
                  <ValueType>Double</ValueType>
                  <Value>24.38</Value>
                  <Units>GJ</Units>
                </Attribute>
              </Value>
            </Attribute>
          </Value>
        </Attribute>
        <Attribute>
          <UUID>{c9f16a15-156d-4334-907f-326ddb8f87f6}</UUID>
          <VersionUUID>{fe1c84c9-367d-437d-b996-ec6fa9e0b519}</VersionUUID>
          <Name>Water</Name>
          <ValueType>AttributeVector</ValueType>
          <Value>
            <Attribute>
              <UUID>{148d263d-a85b-4f39-a85c-cd92a457b660}</UUID>
              <VersionUUID>{f61d51ad-a927-491c-ad33-2132860f6190}</VersionUUID>
              <Name>WaterSystems</Name>
              <ValueType>AttributeVector</ValueType>
              <Value>
                <Attribute>
                  <UUID>{5e6d0917-7cd6-4b0d-8712-a82a50e85219}</UUID>
                  <VersionUUID>{9415f99e-3e6f-4960-be70-71773f8e31b3}</VersionUUID>
                  <Name>General</Name>
                  <ValueType>Double</ValueType>
                  <Value>90.11</Value>
                  <Units>m3</Units>
                </Attribute>
              </Value>
            </Attribute>
          </Value>
        </Attribute>
      </Value>
    </Attribute>
    <Attribute>
      <UUID>{017963db-d6fd-492d-9ec0-54f51e767c44}</UUID>
      <VersionUUID>{ed731101-220f-4065-8eac-81ee50218345}</VersionUUID>
      <Name>CalibrationResult</Name>
      <Source>OpenStudioPostProcess</Source>
      <ValueType>AttributeVector</ValueType>
      <Value>
        <Attribute>
          <UUID>{9d590546-64d7-4952-8c25-afd440011196}</UUID>
          <VersionUUID>{4ec1db84-55ab-49d8-ad04-c72662d46eda}</VersionUUID>
          <Name>utilityBills</Name>
          <ValueType>AttributeVector</ValueType>
          <Value/>
        </Attribute>
      </Value>
    </Attribute>
  </Value>
</Attribute>
