<measure>
  <schema_version>3.0</schema_version>
  <name>residential_miscellaneous_electric_loads</name>
  <uid>3ac41688-ef52-4679-b79c-8cbdf7cbd0e7</uid>
  <version_id>f57ee87f-db12-4ec9-8a08-a61fede20d25</version_id>
  <xml_checksum>126F1C43</xml_checksum>
  <class_name>ResidentialMiscellaneousElectricLoads</class_name>
  <display_name>ResidentialMiscellaneousElectricLoads</display_name>
  <description>Adds miscellaneous electric equipment (TV, computers, etc.) to the building. Users either specify the annual energy consumption (in kWh/yr) or a multipler for the Building America Benchmark assumption (http://energy.gov/sites/prod/files/2014/03/f13/house_simulation_protocols_2014.pdf). The Building America MELs energy consumption is (in kWh/yr) 1108.1 + 180.2 * Num_br + 0.278 * Floor_area. Users must also specify the the space type where the MELs are applied to.</description>
  <modeler_description>Adds a new electric equipment object and the appropriate schedules.</modeler_description>
  <arguments>
    <argument>
      <name>selected_mel</name>
      <display_name>MEL Energy Consumption Option</display_name>
      <type>Choice</type>
      <required>true</required>
      <model_dependent>false</model_dependent>
      <choices>
        <choice>
          <value>Benchmark</value>
          <display_name>Benchmark</display_name>
        </choice>
        <choice>
          <value>Simple</value>
          <display_name>Simple</display_name>
        </choice>
      </choices>
    </argument>
    <argument>
      <name>mel_E</name>
      <display_name>Simple MEL Annual Energy Consumption (kWh/yr)</display_name>
      <type>Double</type>
      <required>true</required>
      <model_dependent>false</model_dependent>
      <default_value>0</default_value>
    </argument>
    <argument>
      <name>CondFA</name>
      <display_name>Living Space Floor Area (ft^2)</display_name>
      <type>Double</type>
      <required>true</required>
      <model_dependent>false</model_dependent>
      <default_value>1800</default_value>
    </argument>
    <argument>
      <name>BAB_mult</name>
      <display_name>Building America Benchmark Multipler</display_name>
      <type>Double</type>
      <required>true</required>
      <model_dependent>false</model_dependent>
      <default_value>1</default_value>
    </argument>
    <argument>
      <name>Num_Br</name>
      <display_name>Number of Bedrooms</display_name>
      <type>Integer</type>
      <required>true</required>
      <model_dependent>false</model_dependent>
      <default_value>1</default_value>
    </argument>
    <argument>
      <name>space_type</name>
      <display_name>Select the space where the miscellaneous electric loads are located</display_name>
      <type>Choice</type>
      <required>true</required>
      <model_dependent>false</model_dependent>
    </argument>
  </arguments>
  <provenances/>
  <tags>
    <tag>Equipment.Electric Equipment</tag>
  </tags>
  <attributes>
    <attribute>
      <name>Measure Type</name>
      <value>ModelMeasure</value>
      <datatype>string</datatype>
    </attribute>
    <attribute>
      <name>Uses SketchUp API</name>
      <value>false</value>
      <datatype>boolean</datatype>
    </attribute>
  </attributes>
  <files>
    <file>
      <filename>ResidentialMiscellaneousElectricLoads_Test.rb</filename>
      <filetype>rb</filetype>
      <usage_type>test</usage_type>
      <checksum>0EF85E09</checksum>
    </file>
    <file>
      <version>
        <software_program>OpenStudio</software_program>
        <identifier>1.4.0</identifier>
        <min_compatible>1.4.0</min_compatible>
      </version>
      <filename>measure.rb</filename>
      <filetype>rb</filetype>
      <usage_type>script</usage_type>
      <checksum>4DDA7EDC</checksum>
    </file>
    <file>
      <filename>util.rb</filename>
      <filetype>rb</filetype>
      <usage_type>resource</usage_type>
      <checksum>3D1ABA94</checksum>
    </file>
    <file>
      <filename>weather.rb</filename>
      <filetype>rb</filetype>
      <usage_type>resource</usage_type>
      <checksum>A38F0058</checksum>
    </file>
    <file>
      <filename>sim.rb</filename>
      <filetype>rb</filetype>
      <usage_type>resource</usage_type>
      <checksum>9A3EF68C</checksum>
    </file>
  </files>
</measure>
