<measure>
  <schema_version>3.0</schema_version>
  <error>Sizes of choiceValues and choiceDisplayNames do not match</error>
  <name>process_constructions_exterior_insulated_walls_wood_stud</name>
  <uid>76193c5c-d1a6-4a57-864a-c8a32e67adcb</uid>
  <version_id>778b03aa-5822-4e99-974e-3a3ccd24af61</version_id>
  <xml_checksum>1E963D9C</xml_checksum>
  <class_name>ProcessConstructionsExteriorInsulatedWallsWoodStud</class_name>
  <display_name>ProcessConstructionsExteriorInsulatedWallsWoodStud</display_name>
  <description>This measure creates wood stud constructions for the exterior walls adjacent to the living space.</description>
  <modeler_description>Calculates material layer properties of wood stud constructions for the exterior walls adjacent to the living space. Finds surfaces adjacent to the living space and sets applicable constructions.</modeler_description>
  <arguments/>
  <provenances/>
  <tags>
    <tag>Envelope.Opaque</tag>
  </tags>
  <attributes>
    <attribute>
      <name>Measure Type</name>
      <value>ModelMeasure</value>
      <datatype>string</datatype>
    </attribute>
    <attribute>
      <name>Uses SketchUp API</name>
      <value>false</value>
      <datatype>boolean</datatype>
    </attribute>
  </attributes>
  <files>
    <file>
      <filename>ProcessConstructionsExteriorInsulatedWallsWoodStud_Test.rb</filename>
      <filetype>rb</filetype>
      <usage_type>test</usage_type>
      <checksum>52676550</checksum>
    </file>
    <file>
      <version>
        <software_program>OpenStudio</software_program>
        <identifier>1.3.0</identifier>
        <min_compatible>1.3.0</min_compatible>
      </version>
      <filename>measure.rb</filename>
      <filetype>rb</filetype>
      <usage_type>script</usage_type>
      <checksum>736423F5</checksum>
    </file>
    <file>
      <filename>sim.rb</filename>
      <filetype>rb</filetype>
      <usage_type>resource</usage_type>
      <checksum>AE5EF352</checksum>
    </file>
    <file>
      <filename>util.rb</filename>
      <filetype>rb</filetype>
      <usage_type>resource</usage_type>
      <checksum>3D1ABA94</checksum>
    </file>
    <file>
      <filename>weather.rb</filename>
      <filetype>rb</filetype>
      <usage_type>resource</usage_type>
      <checksum>6EA4777E</checksum>
    </file>
  </files>
</measure>
