<measure>
  <schema_version>3.0</schema_version>
  <name>process_thermal_mass_furniture</name>
  <uid>5665361d-fa13-4341-8776-185ede476540</uid>
  <version_id>5b8f2c09-b476-4ebb-ad9a-5cd62e009c4f</version_id>
  <xml_checksum>45097B60</xml_checksum>
  <class_name>ProcessThermalMassFurniture</class_name>
  <display_name>Add/Replace Residential Furniture Thermal Mass</display_name>
  <description>This measure creates internal mass for furniture in the living space, finished basement, unfinished basement, and garage.</description>
  <modeler_description>This measure creates constructions representing the internal mass of furniture in the living space, finished basement, unfinished basement, and garage. The constructions are set to define the internal mass objects of their respective spaces.</modeler_description>
  <arguments>
    <argument>
      <name>selectedliving</name>
      <display_name>Of what space type is the living space?</display_name>
      <description>The living space type.</description>
      <type>Choice</type>
      <required>true</required>
      <model_dependent>false</model_dependent>
    </argument>
    <argument>
      <name>selectedfbsmt</name>
      <display_name>Finished Basement Space</display_name>
      <description>The finished basement space type.</description>
      <type>Choice</type>
      <required>false</required>
      <model_dependent>false</model_dependent>
    </argument>
    <argument>
      <name>selectedufbsmt</name>
      <display_name>Unfinished Basement Space</display_name>
      <description>The unfinished basement space type.</description>
      <type>Choice</type>
      <required>false</required>
      <model_dependent>false</model_dependent>
    </argument>
    <argument>
      <name>selectedgarage</name>
      <display_name>Garage Space</display_name>
      <description>The garage space type.</description>
      <type>Choice</type>
      <required>false</required>
      <model_dependent>false</model_dependent>
    </argument>
    <argument>
      <name>userdefinedlivingarea</name>
      <display_name>Living Space Area</display_name>
      <description>The area of the living space.</description>
      <type>Double</type>
      <units>ft^2</units>
      <required>true</required>
      <model_dependent>false</model_dependent>
      <default_value>2700</default_value>
    </argument>
    <argument>
      <name>userdefinedfbsmtarea</name>
      <display_name>Finished Basement Area</display_name>
      <description>The area of the finished basement.</description>
      <type>Double</type>
      <units>ft^2</units>
      <required>true</required>
      <model_dependent>false</model_dependent>
      <default_value>0</default_value>
    </argument>
    <argument>
      <name>userdefinedufbsmtarea</name>
      <display_name>Unfinished Basement Area</display_name>
      <description>The area of the unfinished basement.</description>
      <type>Double</type>
      <units>ft^2</units>
      <required>true</required>
      <model_dependent>false</model_dependent>
      <default_value>0</default_value>
    </argument>
    <argument>
      <name>userdefinedgaragearea</name>
      <display_name>Garage Area</display_name>
      <description>The area of the garage.</description>
      <type>Double</type>
      <units>ft^2</units>
      <required>true</required>
      <model_dependent>false</model_dependent>
      <default_value>0</default_value>
    </argument>
  </arguments>
  <provenances/>
  <tags>
    <tag>Envelope.Form</tag>
  </tags>
  <attributes>
    <attribute>
      <name>Measure Type</name>
      <value>ModelMeasure</value>
      <datatype>string</datatype>
    </attribute>
    <attribute>
      <name>Uses SketchUp API</name>
      <value>false</value>
      <datatype>boolean</datatype>
    </attribute>
  </attributes>
  <files>
    <file>
      <filename>ProcessThermalMassFurniture_Test.rb</filename>
      <filetype>rb</filetype>
      <usage_type>test</usage_type>
      <checksum>A956F71E</checksum>
    </file>
    <file>
      <filename>util.rb</filename>
      <filetype>rb</filetype>
      <usage_type>resource</usage_type>
      <checksum>39852CD3</checksum>
    </file>
    <file>
      <version>
        <software_program>OpenStudio</software_program>
        <identifier>1.4.0</identifier>
        <min_compatible>1.4.0</min_compatible>
      </version>
      <filename>measure.rb</filename>
      <filetype>rb</filetype>
      <usage_type>script</usage_type>
      <checksum>635E52C3</checksum>
    </file>
    <file>
      <filename>weather.rb</filename>
      <filetype>rb</filetype>
      <usage_type>resource</usage_type>
      <checksum>72EDEC43</checksum>
    </file>
    <file>
      <filename>sim.rb</filename>
      <filetype>rb</filetype>
      <usage_type>resource</usage_type>
      <checksum>CB3EAC1E</checksum>
    </file>
  </files>
</measure>
