<measure>
  <schema_version>3.0</schema_version>
  <error>Sizes of choiceValues and choiceDisplayNames do not match</error>
  <name>process_constructions_unfinished_attic</name>
  <uid>235ba3ce-dd83-4287-aa0e-435dc1cbf1a7</uid>
  <version_id>13534aed-9297-4ce5-ba40-d411d7deddac</version_id>
  <xml_checksum>1E963D9C</xml_checksum>
  <class_name>ProcessConstructionsUnfinishedAttic</class_name>
  <display_name>ProcessConstructionsUnfinishedAttic</display_name>
  <description>This measure creates constructions for the unfinished attic floor and ceiling.</description>
  <modeler_description>Calculates material layer properties of constructions for the unfinished attic floor and ceiling. Finds surfaces adjacent to the unfinished attic and sets applicable constructions.</modeler_description>
  <arguments/>
  <provenances/>
  <tags>
    <tag>Envelope.Opaque</tag>
  </tags>
  <attributes>
    <attribute>
      <name>Measure Type</name>
      <value>ModelMeasure</value>
      <datatype>string</datatype>
    </attribute>
    <attribute>
      <name>Uses SketchUp API</name>
      <value>false</value>
      <datatype>boolean</datatype>
    </attribute>
  </attributes>
  <files>
    <file>
      <filename>ProcessConstructionsUnfinishedAttic_Test.rb</filename>
      <filetype>rb</filetype>
      <usage_type>test</usage_type>
      <checksum>8EE7482E</checksum>
    </file>
    <file>
      <version>
        <software_program>OpenStudio</software_program>
        <identifier>1.3.0</identifier>
        <min_compatible>1.3.0</min_compatible>
      </version>
      <filename>measure.rb</filename>
      <filetype>rb</filetype>
      <usage_type>script</usage_type>
      <checksum>183FA9B4</checksum>
    </file>
    <file>
      <filename>sim.rb</filename>
      <filetype>rb</filetype>
      <usage_type>resource</usage_type>
      <checksum>AE5EF352</checksum>
    </file>
    <file>
      <filename>util.rb</filename>
      <filetype>rb</filetype>
      <usage_type>resource</usage_type>
      <checksum>3D1ABA94</checksum>
    </file>
    <file>
      <filename>weather.rb</filename>
      <filetype>rb</filetype>
      <usage_type>resource</usage_type>
      <checksum>6EA4777E</checksum>
    </file>
  </files>
</measure>
