<measure>
  <schema_version>3.0</schema_version>
  <name>process_thermal_mass_furniture</name>
  <uid>5665361d-fa13-4341-8776-185ede476540</uid>
  <version_id>89fe44f9-7c6a-4ac9-8d3e-d0fb2ae1390d</version_id>
  <version_modified>20170310T183611Z</version_modified>
  <xml_checksum>BCB7218E</xml_checksum>
  <class_name>ProcessThermalMassFurniture</class_name>
  <display_name>Set Residential Furniture Thermal Mass</display_name>
  <description>Adds (or replaces) furniture mass to finished and unfinished spaces.</description>
  <modeler_description>This measure creates constructions representing the internal mass of furniture in finished and unfinished spaces. If existing furniture mass objects are found, they are removed.</modeler_description>
  <arguments>
    <argument>
      <name>area_fraction</name>
      <display_name>Area Fraction</display_name>
      <description>Fraction of finished floor area covered by furniture.  Furniture intercepts a portion of radiation which would otherwise be distributed to floor surfaces, based on this variable.</description>
      <type>Double</type>
      <required>true</required>
      <model_dependent>false</model_dependent>
      <default_value>0.4</default_value>
    </argument>
    <argument>
      <name>mass</name>
      <display_name>Mass</display_name>
      <description>Furniture mass per finished floor area.</description>
      <type>Double</type>
      <units>lb/ft^2</units>
      <required>true</required>
      <model_dependent>false</model_dependent>
      <default_value>8</default_value>
    </argument>
    <argument>
      <name>solar_abs</name>
      <display_name>Solar Absorptance</display_name>
      <description>Solar absorptance of furnishings in finished spaces.</description>
      <type>Double</type>
      <required>true</required>
      <model_dependent>false</model_dependent>
      <default_value>0.6</default_value>
    </argument>
    <argument>
      <name>conductivity</name>
      <display_name>Conductivity</display_name>
      <description>Conductivity of furnishings in finished spaces.</description>
      <type>Double</type>
      <units>Btu-in/h-ft^2-R</units>
      <required>true</required>
      <model_dependent>false</model_dependent>
      <default_value>0.8004</default_value>
    </argument>
    <argument>
      <name>density</name>
      <display_name>Density</display_name>
      <description>Density of furnishings in finished spaces.</description>
      <type>Double</type>
      <units>lb/ft^3</units>
      <required>true</required>
      <model_dependent>false</model_dependent>
      <default_value>40</default_value>
    </argument>
    <argument>
      <name>specific_heat</name>
      <display_name>Density</display_name>
      <description>Specific heat of furnishings in finished spaces.</description>
      <type>Double</type>
      <units>Btu/lb-R</units>
      <required>true</required>
      <model_dependent>false</model_dependent>
      <default_value>0.29</default_value>
    </argument>
  </arguments>
  <outputs/>
  <provenances/>
  <tags>
    <tag>Envelope.Opaque</tag>
  </tags>
  <attributes>
    <attribute>
      <name>Measure Type</name>
      <value>ModelMeasure</value>
      <datatype>string</datatype>
    </attribute>
    <attribute>
      <name>Uses SketchUp API</name>
      <value>false</value>
      <datatype>boolean</datatype>
    </attribute>
  </attributes>
  <files>
    <file>
      <version>
        <software_program>OpenStudio</software_program>
        <identifier>1.4.0</identifier>
        <min_compatible>1.13.1</min_compatible>
      </version>
      <filename>measure.rb</filename>
      <filetype>rb</filetype>
      <usage_type>script</usage_type>
      <checksum>0633DD73</checksum>
    </file>
    <file>
      <filename>util.rb</filename>
      <filetype>rb</filetype>
      <usage_type>resource</usage_type>
      <checksum>BAAF2AEF</checksum>
    </file>
    <file>
      <filename>constants.rb</filename>
      <filetype>rb</filetype>
      <usage_type>resource</usage_type>
      <checksum>0E779DFB</checksum>
    </file>
    <file>
      <filename>geometry.rb</filename>
      <filetype>rb</filetype>
      <usage_type>resource</usage_type>
      <checksum>04ACB78D</checksum>
    </file>
  </files>
</measure>
