{
    "job_params": [
        {
            "param": {
                "children": [
                    {
                        "param": {
                            "value": "--argumentName=selectedliving"
                        },
                        "param_index": 0
                    },
                    {
                        "param": {
                            "value": "--argumentValue=living"
                        },
                        "param_index": 1
                    },
                    {
                        "param": {
                            "value": "--argumentName=userdefinedinflivingspace"
                        },
                        "param_index": 2
                    },
                    {
                        "param": {
                            "value": "--argumentValue=7"
                        },
                        "param_index": 3
                    },
                    {
                        "param": {
                            "value": "--argumentName=userdefinedconstinflivingspace"
                        },
                        "param_index": 4
                    },
                    {
                        "param": {
                            "value": "--argumentValue=0"
                        },
                        "param_index": 5
                    },
                    {
                        "param": {
                            "value": "--argumentName=userdefinedinfsheltercoef"
                        },
                        "param_index": 6
                    },
                    {
                        "param": {
                            "value": "--argumentValue=auto"
                        },
                        "param_index": 7
                    },
                    {
                        "param": {
                            "value": "--argumentName=selectedgarage"
                        },
                        "param_index": 8
                    },
                    {
                        "param": {
                            "value": "--argumentValue=NA"
                        },
                        "param_index": 9
                    },
                    {
                        "param": {
                            "value": "--argumentName=selectedfbsmt"
                        },
                        "param_index": 10
                    },
                    {
                        "param": {
                            "value": "--argumentValue=NA"
                        },
                        "param_index": 11
                    },
                    {
                        "param": {
                            "value": "--argumentName=userdefinedinffbsmt"
                        },
                        "param_index": 12
                    },
                    {
                        "param": {
                            "value": "--argumentValue=0"
                        },
                        "param_index": 13
                    },
                    {
                        "param": {
                            "value": "--argumentName=selectedufbsmt"
                        },
                        "param_index": 14
                    },
                    {
                        "param": {
                            "value": "--argumentValue=NA"
                        },
                        "param_index": 15
                    },
                    {
                        "param": {
                            "value": "--argumentName=userdefinedinfufbsmt"
                        },
                        "param_index": 16
                    },
                    {
                        "param": {
                            "value": "--argumentValue=0.1"
                        },
                        "param_index": 17
                    },
                    {
                        "param": {
                            "value": "--argumentName=selectedcrawl"
                        },
                        "param_index": 18
                    },
                    {
                        "param": {
                            "value": "--argumentValue=NA"
                        },
                        "param_index": 19
                    },
                    {
                        "param": {
                            "value": "--argumentName=userdefinedinfcrawl"
                        },
                        "param_index": 20
                    },
                    {
                        "param": {
                            "value": "--argumentValue=2"
                        },
                        "param_index": 21
                    },
                    {
                        "param": {
                            "value": "--argumentName=selectedunfinattic"
                        },
                        "param_index": 22
                    },
                    {
                        "param": {
                            "value": "--argumentValue=attic"
                        },
                        "param_index": 23
                    },
                    {
                        "param": {
                            "value": "--argumentName=userdefinedinfunfinattic"
                        },
                        "param_index": 24
                    },
                    {
                        "param": {
                            "value": "--argumentValue=0.00333"
                        },
                        "param_index": 25
                    },
                    {
                        "param": {
                            "value": "--argumentName=userdefinedneighboroffset"
                        },
                        "param_index": 26
                    },
                    {
                        "param": {
                            "value": "--argumentValue=0"
                        },
                        "param_index": 27
                    },
                    {
                        "param": {
                            "value": "--argumentName=userdefinedhomeage"
                        },
                        "param_index": 28
                    },
                    {
                        "param": {
                            "value": "--argumentValue=0"
                        },
                        "param_index": 29
                    },
                    {
                        "param": {
                            "value": "--argumentName=selectedterraintype"
                        },
                        "param_index": 30
                    },
                    {
                        "param": {
                            "value": "--argumentValue=suburban"
                        },
                        "param_index": 31
                    },
                    {
                        "param": {
                            "value": "--argumentName=selectedventtype"
                        },
                        "param_index": 32
                    },
                    {
                        "param": {
                            "value": "--argumentValue=exhaust"
                        },
                        "param_index": 33
                    },
                    {
                        "param": {
                            "value": "--argumentName=selectedinfilcredit"
                        },
                        "param_index": 34
                    },
                    {
                        "param": {
                            "value": "--argumentValue=true"
                        },
                        "param_index": 35
                    },
                    {
                        "param": {
                            "value": "--argumentName=userdefinedtotaleff"
                        },
                        "param_index": 36
                    },
                    {
                        "param": {
                            "value": "--argumentValue=0"
                        },
                        "param_index": 37
                    },
                    {
                        "param": {
                            "value": "--argumentName=userdefinedsenseff"
                        },
                        "param_index": 38
                    },
                    {
                        "param": {
                            "value": "--argumentValue=0"
                        },
                        "param_index": 39
                    },
                    {
                        "param": {
                            "value": "--argumentName=userdefinedfanpower"
                        },
                        "param_index": 40
                    },
                    {
                        "param": {
                            "value": "--argumentValue=0.3"
                        },
                        "param_index": 41
                    },
                    {
                        "param": {
                            "value": "--argumentName=userdefinedfracofashrae"
                        },
                        "param_index": 42
                    },
                    {
                        "param": {
                            "value": "--argumentValue=1"
                        },
                        "param_index": 43
                    },
                    {
                        "param": {
                            "value": "--argumentName=userdefineddryerexhaust"
                        },
                        "param_index": 44
                    },
                    {
                        "param": {
                            "value": "--argumentValue=100"
                        },
                        "param_index": 45
                    },
                    {
                        "param": {
                            "value": "--argumentName=userdefinedhtgoffset"
                        },
                        "param_index": 46
                    },
                    {
                        "param": {
                            "value": "--argumentValue=1"
                        },
                        "param_index": 47
                    },
                    {
                        "param": {
                            "value": "--argumentName=userdefinedclgoffset"
                        },
                        "param_index": 48
                    },
                    {
                        "param": {
                            "value": "--argumentValue=1"
                        },
                        "param_index": 49
                    },
                    {
                        "param": {
                            "value": "--argumentName=userdefinedovlpoffset"
                        },
                        "param_index": 50
                    },
                    {
                        "param": {
                            "value": "--argumentValue=1"
                        },
                        "param_index": 51
                    },
                    {
                        "param": {
                            "value": "--argumentName=selectedheatingssn"
                        },
                        "param_index": 52
                    },
                    {
                        "param": {
                            "value": "--argumentValue=true"
                        },
                        "param_index": 53
                    },
                    {
                        "param": {
                            "value": "--argumentName=selectedcoolingssn"
                        },
                        "param_index": 54
                    },
                    {
                        "param": {
                            "value": "--argumentValue=true"
                        },
                        "param_index": 55
                    },
                    {
                        "param": {
                            "value": "--argumentName=selectedoverlapssn"
                        },
                        "param_index": 56
                    },
                    {
                        "param": {
                            "value": "--argumentValue=true"
                        },
                        "param_index": 57
                    },
                    {
                        "param": {
                            "value": "--argumentName=userdefinedventweekdays"
                        },
                        "param_index": 58
                    },
                    {
                        "param": {
                            "value": "--argumentValue=3"
                        },
                        "param_index": 59
                    },
                    {
                        "param": {
                            "value": "--argumentName=userdefinedventweekenddays"
                        },
                        "param_index": 60
                    },
                    {
                        "param": {
                            "value": "--argumentValue=0"
                        },
                        "param_index": 61
                    },
                    {
                        "param": {
                            "value": "--argumentName=userdefinedfracwinopen"
                        },
                        "param_index": 62
                    },
                    {
                        "param": {
                            "value": "--argumentValue=0.33"
                        },
                        "param_index": 63
                    },
                    {
                        "param": {
                            "value": "--argumentName=userdefinedfracwinareaopen"
                        },
                        "param_index": 64
                    },
                    {
                        "param": {
                            "value": "--argumentValue=0.2"
                        },
                        "param_index": 65
                    },
                    {
                        "param": {
                            "value": "--argumentName=userdefinedhumratio"
                        },
                        "param_index": 66
                    },
                    {
                        "param": {
                            "value": "--argumentValue=0.0115"
                        },
                        "param_index": 67
                    },
                    {
                        "param": {
                            "value": "--argumentName=userdefinedrelhumratio"
                        },
                        "param_index": 68
                    },
                    {
                        "param": {
                            "value": "--argumentValue=0.7"
                        },
                        "param_index": 69
                    }
                ],
                "value": "ruby_scriptparameters"
            },
            "param_index": 0
        },
        {
            "param": {
                "children": [
                    {
                        "param": {
                            "children": [
                                {
                                    "param": {
                                        "children": [
                                            {
                                                "param": {
                                                    "children": [
                                                        {
                                                            "param": {
                                                                "value": "in.idf"
                                                            },
                                                            "param_index": 0
                                                        }
                                                    ],
                                                    "value": ".*\\.idf"
                                                },
                                                "param_index": 0
                                            }
                                        ],
                                        "value": "All"
                                    },
                                    "param_index": 0
                                }
                            ],
                            "value": "Last"
                        },
                        "param_index": 0
                    }
                ],
                "value": "ruby_inputfiles"
            },
            "param_index": 1
        },
        {
            "param": {
                "children": [
                    {
                        "param": {
                            "value": "-I"
                        },
                        "param_index": 0
                    },
                    {
                        "param": {
                            "value": "C:/Program Files (x86)/OpenStudio 1.5.0/Ruby"
                        },
                        "param_index": 1
                    }
                ],
                "value": "ruby_toolparameters"
            },
            "param_index": 2
        },
        {
            "param": {
                "children": [
                    {
                        "param": {
                            "children": [
                                {
                                    "param": {
                                        "children": [
                                            {
                                                "param": {
                                                    "value": ""
                                                },
                                                "param_index": 0
                                            }
                                        ],
                                        "value": "idf"
                                    },
                                    "param_index": 0
                                }
                            ],
                            "value": "idf"
                        },
                        "param_index": 0
                    }
                ],
                "value": "ruby_copyrequired"
            },
            "param_index": 3
        },
        {
            "param": {
                "children": [
                    {
                        "param": {
                            "children": [
                                {
                                    "param": {
                                        "value": "user_script.rb"
                                    },
                                    "param_index": 0
                                }
                            ],
                            "value": "C:/OS_BEopt_GitHub/OpenStudio-Beopt/PAT_Slab_Final/scripts/ProcessAirflow/measure.rb"
                        },
                        "param_index": 0
                    },
                    {
                        "param": {
                            "children": [
                                {
                                    "param": {
                                        "value": "measure.rb"
                                    },
                                    "param_index": 0
                                }
                            ],
                            "value": "C:/OS_BEopt_GitHub/OpenStudio-Beopt/PAT_Slab_Final/scripts/ProcessAirflow/measure.rb"
                        },
                        "param_index": 1
                    },
                    {
                        "param": {
                            "children": [
                                {
                                    "param": {
                                        "value": "resources/sim.rb"
                                    },
                                    "param_index": 0
                                }
                            ],
                            "value": "C:/OS_BEopt_GitHub/OpenStudio-Beopt/PAT_Slab_Final/scripts/ProcessAirflow/resources/sim.rb"
                        },
                        "param_index": 2
                    },
                    {
                        "param": {
                            "children": [
                                {
                                    "param": {
                                        "value": "resources/util.rb"
                                    },
                                    "param_index": 0
                                }
                            ],
                            "value": "C:/OS_BEopt_GitHub/OpenStudio-Beopt/PAT_Slab_Final/scripts/ProcessAirflow/resources/util.rb"
                        },
                        "param_index": 3
                    },
                    {
                        "param": {
                            "children": [
                                {
                                    "param": {
                                        "value": "resources/weather.rb"
                                    },
                                    "param_index": 0
                                }
                            ],
                            "value": "C:/OS_BEopt_GitHub/OpenStudio-Beopt/PAT_Slab_Final/scripts/ProcessAirflow/resources/weather.rb"
                        },
                        "param_index": 4
                    }
                ],
                "value": "ruby_requiredfiles"
            },
            "param_index": 4
        },
        {
            "param": {
                "children": [
                    {
                        "param": {
                            "value": "{ba302b64-c747-4e67-8c48-95638e6a970e}"
                        },
                        "param_index": 0
                    }
                ],
                "value": "original_job_uuid"
            },
            "param_index": 5
        },
        {
            "param": {
                "children": [
                    {
                        "param": {
                            "value": "true"
                        },
                        "param_index": 0
                    }
                ],
                "value": "ruby_isuserscriptjob"
            },
            "param_index": 6
        },
        {
            "param": {
                "children": [
                    {
                        "param": {
                            "value": "C:/Program Files (x86)/OpenStudio 1.5.0/Ruby/openstudio/runmanager/rubyscripts/UserScriptAdapter.rb"
                        },
                        "param_index": 0
                    }
                ],
                "value": "ruby_scriptfile"
            },
            "param_index": 7
        },
        {
            "param": {
                "children": [
                    {
                        "param": {
                            "children": [
                                {
                                    "param": {
                                        "value": "{c4dde5f8-45aa-4381-93dc-e598f7c31155}"
                                    },
                                    "param_index": 0
                                }
                            ],
                            "value": "bcl_measure_uuid"
                        },
                        "param_index": 0
                    }
                ],
                "value": "ruby_bclmeasureparameters"
            },
            "param_index": 8
        }
    ],
    "metadata": {
        "openstudio_version": "1.5.0"
    }
}
