<measure>
  <schema_version>3.0</schema_version>
  <name>process_ground_temperature</name>
  <uid>4a3a96e7-00ea-4b61-9433-3d6fc3395a62</uid>
  <version_id>510695e6-d3f6-4d19-9a2d-16c319c2477b</version_id>
  <xml_checksum>3BE1CF9C</xml_checksum>
  <class_name>ProcessGroundTemperature</class_name>
  <display_name>ProcessGroundTemperature</display_name>
  <description>This measure calculates ground temperatures using weather data.</description>
  <modeler_description>This measure writes monthly ground temperatures to the EnergyPlus objects Site:GroundTemperature:BuildingSurface and Site:GroundTemperature:Deep.</modeler_description>
  <arguments/>
  <provenances/>
  <tags>
    <tag>Envelope.Form</tag>
  </tags>
  <attributes>
    <attribute>
      <name>Measure Type</name>
      <value>EnergyPlusMeasure</value>
      <datatype>string</datatype>
    </attribute>
    <attribute>
      <name>Uses SketchUp API</name>
      <value>false</value>
      <datatype>boolean</datatype>
    </attribute>
  </attributes>
  <files>
    <file>
      <filename>ProcessGroundTemperature_Test.rb</filename>
      <filetype>rb</filetype>
      <usage_type>test</usage_type>
      <checksum>4EE9ECE3</checksum>
    </file>
    <file>
      <filename>util.rb</filename>
      <filetype>rb</filetype>
      <usage_type>resource</usage_type>
      <checksum>3D1ABA94</checksum>
    </file>
    <file>
      <version>
        <software_program>OpenStudio</software_program>
        <identifier>1.4.0</identifier>
        <min_compatible>1.4.0</min_compatible>
      </version>
      <filename>measure.rb</filename>
      <filetype>rb</filetype>
      <usage_type>script</usage_type>
      <checksum>7B9EA6A6</checksum>
    </file>
    <file>
      <filename>sim.rb</filename>
      <filetype>rb</filetype>
      <usage_type>resource</usage_type>
      <checksum>5E03A9C7</checksum>
    </file>
    <file>
      <filename>weather.rb</filename>
      <filetype>rb</filetype>
      <usage_type>resource</usage_type>
      <checksum>A38F0058</checksum>
    </file>
  </files>
</measure>
