{
    "job_params": [
        {
            "param": {
                "children": [
                    {
                        "param": {
                            "value": "--argumentName=selected_cd"
                        },
                        "param_index": 0
                    },
                    {
                        "param": {
                            "value": "--argumentValue=Benchmark"
                        },
                        "param_index": 1
                    },
                    {
                        "param": {
                            "value": "--argumentName=cd_fuel"
                        },
                        "param_index": 2
                    },
                    {
                        "param": {
                            "value": "--argumentValue=Electricity"
                        },
                        "param_index": 3
                    },
                    {
                        "param": {
                            "value": "--argumentName=BAB_mult_cd"
                        },
                        "param_index": 4
                    },
                    {
                        "param": {
                            "value": "--argumentValue=1"
                        },
                        "param_index": 5
                    },
                    {
                        "param": {
                            "value": "--argumentName=Num_Br"
                        },
                        "param_index": 6
                    },
                    {
                        "param": {
                            "value": "--argumentValue=1"
                        },
                        "param_index": 7
                    },
                    {
                        "param": {
                            "value": "--argumentName=EF_cd"
                        },
                        "param_index": 8
                    },
                    {
                        "param": {
                            "value": "--argumentValue=3.1"
                        },
                        "param_index": 9
                    },
                    {
                        "param": {
                            "value": "--argumentName=selected_cw"
                        },
                        "param_index": 10
                    },
                    {
                        "param": {
                            "value": "--argumentValue=Benchmark"
                        },
                        "param_index": 11
                    },
                    {
                        "param": {
                            "value": "--argumentName=BAB_mult_cw"
                        },
                        "param_index": 12
                    },
                    {
                        "param": {
                            "value": "--argumentValue=1"
                        },
                        "param_index": 13
                    },
                    {
                        "param": {
                            "value": "--argumentName=EF_cw"
                        },
                        "param_index": 14
                    },
                    {
                        "param": {
                            "value": "--argumentValue=1.41"
                        },
                        "param_index": 15
                    },
                    {
                        "param": {
                            "value": "--argumentName=DV_cw"
                        },
                        "param_index": 16
                    },
                    {
                        "param": {
                            "value": "--argumentValue=3.5"
                        },
                        "param_index": 17
                    },
                    {
                        "param": {
                            "value": "--argumentName=CW_testdate"
                        },
                        "param_index": 18
                    },
                    {
                        "param": {
                            "value": "--argumentValue=2007"
                        },
                        "param_index": 19
                    },
                    {
                        "param": {
                            "value": "--argumentName=space_type"
                        },
                        "param_index": 20
                    },
                    {
                        "param": {
                            "value": "--argumentValue={8b94a914-1935-40aa-8088-83552c41418c}"
                        },
                        "param_index": 21
                    }
                ],
                "value": "ruby_scriptparameters"
            },
            "param_index": 0
        },
        {
            "param": {
                "children": [
                    {
                        "param": {
                            "children": [
                                {
                                    "param": {
                                        "children": [
                                            {
                                                "param": {
                                                    "children": [
                                                        {
                                                            "param": {
                                                                "value": "in.osm"
                                                            },
                                                            "param_index": 0
                                                        }
                                                    ],
                                                    "value": ".*\\.osm"
                                                },
                                                "param_index": 0
                                            }
                                        ],
                                        "value": "All"
                                    },
                                    "param_index": 0
                                }
                            ],
                            "value": "Last"
                        },
                        "param_index": 0
                    }
                ],
                "value": "ruby_inputfiles"
            },
            "param_index": 1
        },
        {
            "param": {
                "children": [
                    {
                        "param": {
                            "value": "-I"
                        },
                        "param_index": 0
                    },
                    {
                        "param": {
                            "value": "C:/Program Files (x86)/OpenStudio 1.5.0/Ruby"
                        },
                        "param_index": 1
                    }
                ],
                "value": "ruby_toolparameters"
            },
            "param_index": 2
        },
        {
            "param": {
                "children": [
                    {
                        "param": {
                            "children": [
                                {
                                    "param": {
                                        "children": [
                                            {
                                                "param": {
                                                    "value": ""
                                                },
                                                "param_index": 0
                                            }
                                        ],
                                        "value": "osm"
                                    },
                                    "param_index": 0
                                }
                            ],
                            "value": "osm"
                        },
                        "param_index": 0
                    }
                ],
                "value": "ruby_copyrequired"
            },
            "param_index": 3
        },
        {
            "param": {
                "children": [
                    {
                        "param": {
                            "children": [
                                {
                                    "param": {
                                        "value": "user_script.rb"
                                    },
                                    "param_index": 0
                                }
                            ],
                            "value": "C:/OS_BEopt_GitHub/OpenStudio-Beopt/PAT_Slab_Final/scripts/ResidentialClothesWasherandDryer/measure.rb"
                        },
                        "param_index": 0
                    },
                    {
                        "param": {
                            "children": [
                                {
                                    "param": {
                                        "value": "resources/util.rb"
                                    },
                                    "param_index": 0
                                }
                            ],
                            "value": "C:/OS_BEopt_GitHub/OpenStudio-Beopt/PAT_Slab_Final/scripts/ResidentialClothesWasherandDryer/resources/util.rb"
                        },
                        "param_index": 1
                    },
                    {
                        "param": {
                            "children": [
                                {
                                    "param": {
                                        "value": "resources/weather.rb"
                                    },
                                    "param_index": 0
                                }
                            ],
                            "value": "C:/OS_BEopt_GitHub/OpenStudio-Beopt/PAT_Slab_Final/scripts/ResidentialClothesWasherandDryer/resources/weather.rb"
                        },
                        "param_index": 2
                    },
                    {
                        "param": {
                            "children": [
                                {
                                    "param": {
                                        "value": "resources/sim.rb"
                                    },
                                    "param_index": 0
                                }
                            ],
                            "value": "C:/OS_BEopt_GitHub/OpenStudio-Beopt/PAT_Slab_Final/scripts/ResidentialClothesWasherandDryer/resources/sim.rb"
                        },
                        "param_index": 3
                    },
                    {
                        "param": {
                            "children": [
                                {
                                    "param": {
                                        "value": "measure.rb"
                                    },
                                    "param_index": 0
                                }
                            ],
                            "value": "C:/OS_BEopt_GitHub/OpenStudio-Beopt/PAT_Slab_Final/scripts/ResidentialClothesWasherandDryer/measure.rb"
                        },
                        "param_index": 4
                    }
                ],
                "value": "ruby_requiredfiles"
            },
            "param_index": 4
        },
        {
            "param": {
                "children": [
                    {
                        "param": {
                            "value": "{5b49f652-7467-4315-8011-c246f145d916}"
                        },
                        "param_index": 0
                    }
                ],
                "value": "original_job_uuid"
            },
            "param_index": 5
        },
        {
            "param": {
                "children": [
                    {
                        "param": {
                            "value": "true"
                        },
                        "param_index": 0
                    }
                ],
                "value": "ruby_isuserscriptjob"
            },
            "param_index": 6
        },
        {
            "param": {
                "children": [
                    {
                        "param": {
                            "value": "C:/Program Files (x86)/OpenStudio 1.5.0/Ruby/openstudio/runmanager/rubyscripts/UserScriptAdapter.rb"
                        },
                        "param_index": 0
                    }
                ],
                "value": "ruby_scriptfile"
            },
            "param_index": 7
        },
        {
            "param": {
                "children": [
                    {
                        "param": {
                            "children": [
                                {
                                    "param": {
                                        "value": "{0b112141-4e2e-4dad-b2fd-2d1f629391f0}"
                                    },
                                    "param_index": 0
                                }
                            ],
                            "value": "bcl_measure_uuid"
                        },
                        "param_index": 0
                    }
                ],
                "value": "ruby_bclmeasureparameters"
            },
            "param_index": 8
        }
    ],
    "metadata": {
        "openstudio_version": "1.5.0"
    }
}
