<measure>
  <schema_version>3.0</schema_version>
  <name>add_residential_bedrooms_and_bathrooms</name>
  <uid>fbcd41af-eace-4695-a5a4-b017acfe1f99</uid>
  <version_id>c2d02223-3f86-456e-8c16-69360cd05a8b</version_id>
  <version_modified>20170309T180738Z</version_modified>
  <xml_checksum>2AF3A68E</xml_checksum>
  <class_name>AddResidentialBedroomsAndBathrooms</class_name>
  <display_name>Set Residential Number of Beds and Baths</display_name>
  <description>Sets the number of bedrooms and bathrooms in the building. For multifamily buildings, the bedrooms/bathrooms can be set for all units of the building.</description>
  <modeler_description>Sets (or replaces) dummy ElectricEquipment objects that store the number of bedrooms and bathrooms associated with the model.</modeler_description>
  <arguments>
    <argument>
      <name>num_bedrooms</name>
      <display_name>Number of Bedrooms</display_name>
      <description>Specify the number of bedrooms. For a multifamily building, specify one value for all units or a comma-separated set of values (in the correct order) for each unit. Used to determine the energy usage of appliances and plug loads, hot water usage, mechanical ventilation rate, etc.</description>
      <type>String</type>
      <required>false</required>
      <model_dependent>false</model_dependent>
      <default_value>3</default_value>
    </argument>
    <argument>
      <name>num_bathrooms</name>
      <display_name>Number of Bathrooms</display_name>
      <description>Specify the number of bathrooms. For a multifamily building, specify one value for all units or a comma-separated set of values (in the correct order) for each unit. Used to determine the hot water usage, etc.</description>
      <type>String</type>
      <required>false</required>
      <model_dependent>false</model_dependent>
      <default_value>2</default_value>
    </argument>
  </arguments>
  <provenances/>
  <tags>
    <tag>Envelope.Form</tag>
  </tags>
  <attributes>
    <attribute>
      <name>Measure Type</name>
      <value>ModelMeasure</value>
      <datatype>string</datatype>
    </attribute>
    <attribute>
      <name>Intended Software Tool</name>
      <value>Apply Measure Now</value>
      <datatype>string</datatype>
    </attribute>
    <attribute>
      <name>Intended Software Tool</name>
      <value>OpenStudio Application</value>
      <datatype>string</datatype>
    </attribute>
    <attribute>
      <name>Intended Software Tool</name>
      <value>Parametric Analysis Tool</value>
      <datatype>string</datatype>
    </attribute>
  </attributes>
  <files>
    <file>
      <filename>process_beds_and_baths_test.rb</filename>
      <filetype>rb</filetype>
      <usage_type>test</usage_type>
      <checksum>A538C85F</checksum>
    </file>
    <file>
      <version>
        <software_program>OpenStudio</software_program>
        <identifier>1.9.0</identifier>
        <min_compatible>1.13.1</min_compatible>
      </version>
      <filename>measure.rb</filename>
      <filetype>rb</filetype>
      <usage_type>script</usage_type>
      <checksum>844E2E2D</checksum>
    </file>
    <file>
      <filename>util.rb</filename>
      <filetype>rb</filetype>
      <usage_type>resource</usage_type>
      <checksum>BAAF2AEF</checksum>
    </file>
    <file>
      <filename>constants.rb</filename>
      <filetype>rb</filetype>
      <usage_type>resource</usage_type>
      <checksum>0E779DFB</checksum>
    </file>
    <file>
      <filename>SFD_2000sqft_2story_SL_UA.osm</filename>
      <filetype>osm</filetype>
      <usage_type>test</usage_type>
      <checksum>CB0D31D6</checksum>
    </file>
    <file>
      <filename>MF_8units_1story_SL_Denver.osm</filename>
      <filetype>osm</filetype>
      <usage_type>test</usage_type>
      <checksum>763039DC</checksum>
    </file>
    <file>
      <filename>SFA_4units_1story_FB_UA_Denver.osm</filename>
      <filetype>osm</filetype>
      <usage_type>test</usage_type>
      <checksum>B558D9C1</checksum>
    </file>
    <file>
      <filename>geometry.rb</filename>
      <filetype>rb</filetype>
      <usage_type>resource</usage_type>
      <checksum>04ACB78D</checksum>
    </file>
  </files>
</measure>
