<measure>
  <schema_version>3.0</schema_version>
  <name>process_thermal_mass_furniture</name>
  <uid>5665361d-fa13-4341-8776-185ede476540</uid>
  <version_id>6333c5ab-39ce-40ee-9aba-ad33f35b8700</version_id>
  <xml_checksum>45097B60</xml_checksum>
  <class_name>ProcessThermalMassFurniture</class_name>
  <display_name>ProcessThermalMassFurniture</display_name>
  <description>This measure creates internal mass for furniture in the living space, finished basement, unfinished basement, and garage.</description>
  <modeler_description>This measure creates constructions representing the internal mass of furniture in the living space, finished basement, unfinished basement, and garage. The constructions are set to define the internal mass objects of their respective spaces.</modeler_description>
  <arguments>
    <argument>
      <name>selectedliving</name>
      <display_name>Of what space type is the living space?</display_name>
      <type>Choice</type>
      <required>true</required>
      <model_dependent>false</model_dependent>
    </argument>
    <argument>
      <name>selectedfbsmt</name>
      <display_name>Of what space type is the finished basement?</display_name>
      <type>Choice</type>
      <required>false</required>
      <model_dependent>false</model_dependent>
    </argument>
    <argument>
      <name>selectedufbsmt</name>
      <display_name>Of what space type is the unfinished basement?</display_name>
      <type>Choice</type>
      <required>false</required>
      <model_dependent>false</model_dependent>
    </argument>
    <argument>
      <name>selectedgarage</name>
      <display_name>Of what space type is the garage?</display_name>
      <type>Choice</type>
      <required>false</required>
      <model_dependent>false</model_dependent>
    </argument>
  </arguments>
  <provenances/>
  <tags>
    <tag>Envelope.Form</tag>
  </tags>
  <attributes>
    <attribute>
      <name>Measure Type</name>
      <value>ModelMeasure</value>
      <datatype>string</datatype>
    </attribute>
    <attribute>
      <name>Uses SketchUp API</name>
      <value>false</value>
      <datatype>boolean</datatype>
    </attribute>
  </attributes>
  <files>
    <file>
      <filename>ProcessThermalMassFurniture_Test.rb</filename>
      <filetype>rb</filetype>
      <usage_type>test</usage_type>
      <checksum>A956F71E</checksum>
    </file>
    <file>
      <filename>util.rb</filename>
      <filetype>rb</filetype>
      <usage_type>resource</usage_type>
      <checksum>3D1ABA94</checksum>
    </file>
    <file>
      <version>
        <software_program>OpenStudio</software_program>
        <identifier>1.4.0</identifier>
        <min_compatible>1.4.0</min_compatible>
      </version>
      <filename>measure.rb</filename>
      <filetype>rb</filetype>
      <usage_type>script</usage_type>
      <checksum>A21E7747</checksum>
    </file>
    <file>
      <filename>weather.rb</filename>
      <filetype>rb</filetype>
      <usage_type>resource</usage_type>
      <checksum>A38F0058</checksum>
    </file>
    <file>
      <filename>sim.rb</filename>
      <filetype>rb</filetype>
      <usage_type>resource</usage_type>
      <checksum>9A3EF68C</checksum>
    </file>
  </files>
</measure>
