<measure>
  <schema_version>3.0</schema_version>
  <name>process_constructions_unfinished_attic</name>
  <uid>235ba3ce-dd83-4287-aa0e-435dc1cbf1a7</uid>
  <version_id>c094cfbd-06a9-4df2-aa8d-2cfbb49ead43</version_id>
  <xml_checksum>1E963D9C</xml_checksum>
  <class_name>ProcessConstructionsUnfinishedAttic</class_name>
  <display_name>Add/Replace Residential Unfinished Attic Floor and Ceiling</display_name>
  <description>This measure creates constructions for the unfinished attic floor and ceiling.</description>
  <modeler_description>Calculates material layer properties of constructions for the unfinished attic floor and ceiling. Finds surfaces adjacent to the unfinished attic and sets applicable constructions.</modeler_description>
  <arguments>
    <argument>
      <name>selectedliving</name>
      <display_name>Living Space</display_name>
      <description>The living space type.</description>
      <type>Choice</type>
      <required>true</required>
      <model_dependent>false</model_dependent>
    </argument>
    <argument>
      <name>selectedattic</name>
      <display_name>Attic Space</display_name>
      <description>The attic space type.</description>
      <type>Choice</type>
      <required>true</required>
      <model_dependent>false</model_dependent>
    </argument>
    <argument>
      <name>selecteduains</name>
      <display_name>Unfinished Attic: Insulation Type</display_name>
      <description>The type of insulation.</description>
      <type>Choice</type>
      <required>false</required>
      <model_dependent>false</model_dependent>
      <default_value>Ceiling</default_value>
      <choices>
        <choice>
          <value>Uninsulated</value>
          <display_name>Uninsulated</display_name>
        </choice>
        <choice>
          <value>Ceiling</value>
          <display_name>Ceiling</display_name>
        </choice>
        <choice>
          <value>Roof</value>
          <display_name>Roof</display_name>
        </choice>
      </choices>
    </argument>
    <argument>
      <name>userdefinedceilroofinsthickness</name>
      <display_name>Unfinished Attic: Ceiling/Roof Insulation Thickness</display_name>
      <description>The thickness in inches of insulation required to obtain a certain R-value.</description>
      <type>Double</type>
      <units>in</units>
      <required>false</required>
      <model_dependent>false</model_dependent>
      <default_value>8.55</default_value>
    </argument>
    <argument>
      <name>userdefineduaceilroofr</name>
      <display_name>Unfinished Attic: Ceiling/Roof Insulation Nominal R-value</display_name>
      <description>R-value is a measure of insulation's ability to resist heat traveling through it.</description>
      <type>Double</type>
      <units>hr-ft^2-R/Btu</units>
      <required>false</required>
      <model_dependent>false</model_dependent>
      <default_value>30</default_value>
    </argument>
    <argument>
      <name>selecteduaceiljoistthickness</name>
      <display_name>Unfinished Attic: Ceiling Joist Thickness</display_name>
      <description>Thickness of joists in the ceiling.</description>
      <type>Choice</type>
      <required>false</required>
      <model_dependent>false</model_dependent>
      <default_value>3.5</default_value>
      <choices>
        <choice>
          <value>3.5</value>
          <display_name>3.5</display_name>
        </choice>
      </choices>
    </argument>
    <argument>
      <name>userdefineduaceilff</name>
      <display_name>Unfinished Attic: Ceiling Framing Factor</display_name>
      <description>The framing factor of the ceiling.</description>
      <type>Double</type>
      <units>frac</units>
      <required>false</required>
      <model_dependent>false</model_dependent>
      <default_value>0.07</default_value>
    </argument>
    <argument>
      <name>selecteduaroofframethickness</name>
      <display_name>Unfinished Attic: Roof Framing Thickness</display_name>
      <description>Thickness of roof framing.</description>
      <type>Choice</type>
      <units>in</units>
      <required>false</required>
      <model_dependent>false</model_dependent>
      <default_value>7.25</default_value>
      <choices>
        <choice>
          <value>7.25</value>
          <display_name>7.25</display_name>
        </choice>
      </choices>
    </argument>
    <argument>
      <name>userdefineduaroofff</name>
      <display_name>Unfinished Attic: Roof Framing Factor</display_name>
      <description>Fraction of roof that is made up of framing elements.</description>
      <type>Double</type>
      <units>frac</units>
      <required>false</required>
      <model_dependent>false</model_dependent>
      <default_value>0.07</default_value>
    </argument>
    <argument>
      <name>userdefinedrigidinsthickness</name>
      <display_name>Unfinished Attic: Roof Continuous Insulation Thickness</display_name>
      <description>Thickness of rigid insulation added to the roof.</description>
      <type>Double</type>
      <units>in</units>
      <required>false</required>
      <model_dependent>false</model_dependent>
      <default_value>0</default_value>
    </argument>
    <argument>
      <name>userdefinedrigidinsr</name>
      <display_name>Unfinished Attic: Roof Continuous Insulation Nominal R-value</display_name>
      <description>The nominal R-value of the continuous insulation.</description>
      <type>Double</type>
      <units>hr-ft^2-R/Btu</units>
      <required>false</required>
      <model_dependent>false</model_dependent>
      <default_value>0</default_value>
    </argument>
    <argument>
      <name>userdefinedhasradiantbarrier</name>
      <display_name>Has Radiant Barrier</display_name>
      <description>Layers of reflective material used to reduce heat transfer between the attic roof and the ceiling insulation and ductwork (if present).</description>
      <type>Boolean</type>
      <required>false</required>
      <model_dependent>false</model_dependent>
      <default_value>false</default_value>
      <choices>
        <choice>
          <value>true</value>
          <display_name>true</display_name>
        </choice>
        <choice>
          <value>false</value>
          <display_name>false</display_name>
        </choice>
      </choices>
    </argument>
    <argument>
      <name>userdefinedgypthickness</name>
      <display_name>Ceiling Mass: Thickness</display_name>
      <description>Gypsum layer thickness.</description>
      <type>Double</type>
      <units>in</units>
      <required>false</required>
      <model_dependent>false</model_dependent>
      <default_value>0.5</default_value>
    </argument>
    <argument>
      <name>userdefinedgyplayers</name>
      <display_name>Ceiling Mass: Num Layers</display_name>
      <description>Integer number of layers of gypsum.</description>
      <type>Double</type>
      <units>#</units>
      <required>false</required>
      <model_dependent>false</model_dependent>
      <default_value>1</default_value>
    </argument>
    <argument>
      <name>userdefinedroofmatthermalabs</name>
      <display_name>Roof Material: Emissivity.</display_name>
      <description>Infrared emissivity of the outside surface of the roof.</description>
      <type>Double</type>
      <required>false</required>
      <model_dependent>false</model_dependent>
      <default_value>0.91</default_value>
    </argument>
    <argument>
      <name>userdefinedroofmatabs</name>
      <display_name>Roof Material: Absorptivity</display_name>
      <description>The solar radiation absorptance of the outside roof surface, specified as a value between 0 and 1.</description>
      <type>Double</type>
      <required>false</required>
      <model_dependent>false</model_dependent>
      <default_value>0.85</default_value>
    </argument>
  </arguments>
  <provenances/>
  <tags>
    <tag>Envelope.Opaque</tag>
  </tags>
  <attributes>
    <attribute>
      <name>Measure Type</name>
      <value>ModelMeasure</value>
      <datatype>string</datatype>
    </attribute>
    <attribute>
      <name>Uses SketchUp API</name>
      <value>false</value>
      <datatype>boolean</datatype>
    </attribute>
  </attributes>
  <files>
    <file>
      <filename>ProcessConstructionsUnfinishedAttic_Test.rb</filename>
      <filetype>rb</filetype>
      <usage_type>test</usage_type>
      <checksum>8EE7482E</checksum>
    </file>
    <file>
      <version>
        <software_program>OpenStudio</software_program>
        <identifier>1.3.0</identifier>
        <min_compatible>1.3.0</min_compatible>
      </version>
      <filename>measure.rb</filename>
      <filetype>rb</filetype>
      <usage_type>script</usage_type>
      <checksum>A97C339A</checksum>
    </file>
    <file>
      <filename>util.rb</filename>
      <filetype>rb</filetype>
      <usage_type>resource</usage_type>
      <checksum>39852CD3</checksum>
    </file>
    <file>
      <filename>weather.rb</filename>
      <filetype>rb</filetype>
      <usage_type>resource</usage_type>
      <checksum>72EDEC43</checksum>
    </file>
    <file>
      <filename>sim.rb</filename>
      <filetype>rb</filetype>
      <usage_type>resource</usage_type>
      <checksum>CB3EAC1E</checksum>
    </file>
  </files>
</measure>
