<measure>
  <schema_version>3.0</schema_version>
  <error>Sizes of choiceValues and choiceDisplayNames do not match</error>
  <name>residential_lighting</name>
  <uid>2c69a60e-501a-4516-a253-725d23808b2d</uid>
  <version_id>b38987ae-69b7-4166-937a-714993601549</version_id>
  <xml_checksum>2DDDDD82</xml_checksum>
  <class_name>ResidentialLighting</class_name>
  <display_name>ResidentialLighting</display_name>
  <description>Adds lighting to the building model. The lighting annual energy consumption can either be specified by the kWh/yr it consumes, the Building America Benchmark, or using more detailed inputs. More detailed inputs use the hardwired fraction, plugin fraction, and efficacy for CFLs, LED, and LFL. The schedule used for lighting is based on the Building America Benchmark and changes based on location. </description>
  <modeler_description>Adds a new lighting object that uses the Building America Benchmark schedule.</modeler_description>
  <arguments/>
  <provenances/>
  <tags>
    <tag>Electric Lighting.Lighting Equipment</tag>
  </tags>
  <attributes>
    <attribute>
      <name>Measure Type</name>
      <value>ModelMeasure</value>
      <datatype>string</datatype>
    </attribute>
    <attribute>
      <name>Uses SketchUp API</name>
      <value>false</value>
      <datatype>boolean</datatype>
    </attribute>
  </attributes>
  <files>
    <file>
      <filename>ResidentialLighting_Test.rb</filename>
      <filetype>rb</filetype>
      <usage_type>test</usage_type>
      <checksum>74335D8E</checksum>
    </file>
    <file>
      <filename>util.rb</filename>
      <filetype>rb</filetype>
      <usage_type>resource</usage_type>
      <checksum>3C573090</checksum>
    </file>
    <file>
      <filename>weather.rb</filename>
      <filetype>rb</filetype>
      <usage_type>resource</usage_type>
      <checksum>8776703C</checksum>
    </file>
    <file>
      <filename>sim.rb</filename>
      <filetype>rb</filetype>
      <usage_type>resource</usage_type>
      <checksum>11B07646</checksum>
    </file>
    <file>
      <filename>os_lib_geometry.rb</filename>
      <filetype>rb</filetype>
      <usage_type>resource</usage_type>
      <checksum>B9FBF466</checksum>
    </file>
    <file>
      <version>
        <software_program>OpenStudio</software_program>
        <identifier>1.4.0</identifier>
        <min_compatible>1.4.0</min_compatible>
      </version>
      <filename>measure.rb</filename>
      <filetype>rb</filetype>
      <usage_type>script</usage_type>
      <checksum>7555735A</checksum>
    </file>
  </files>
</measure>
