{
    "job_params": [
        {
            "param": {
                "children": [
                    {
                        "param": {
                            "value": "--argumentName=selectedliving"
                        },
                        "param_index": 0
                    },
                    {
                        "param": {
                            "value": "--argumentValue={8b94a914-1935-40aa-8088-83552c41418c}"
                        },
                        "param_index": 1
                    },
                    {
                        "param": {
                            "value": "--argumentName=userdefinedpartwallarea"
                        },
                        "param_index": 2
                    },
                    {
                        "param": {
                            "value": "--argumentValue=2700"
                        },
                        "param_index": 3
                    },
                    {
                        "param": {
                            "value": "--argumentName=userdefinedpartitionwallmassth"
                        },
                        "param_index": 4
                    },
                    {
                        "param": {
                            "value": "--argumentValue=0.5"
                        },
                        "param_index": 5
                    },
                    {
                        "param": {
                            "value": "--argumentName=userdefinedpartitionwallmasscond"
                        },
                        "param_index": 6
                    },
                    {
                        "param": {
                            "value": "--argumentValue=1.1112"
                        },
                        "param_index": 7
                    },
                    {
                        "param": {
                            "value": "--argumentName=userdefinedpartitionwallmassdens"
                        },
                        "param_index": 8
                    },
                    {
                        "param": {
                            "value": "--argumentValue=50"
                        },
                        "param_index": 9
                    },
                    {
                        "param": {
                            "value": "--argumentName=userdefinedpartitionwallmasssh"
                        },
                        "param_index": 10
                    },
                    {
                        "param": {
                            "value": "--argumentValue=0.2"
                        },
                        "param_index": 11
                    }
                ],
                "value": "ruby_scriptparameters"
            },
            "param_index": 0
        },
        {
            "param": {
                "children": [
                    {
                        "param": {
                            "children": [
                                {
                                    "param": {
                                        "children": [
                                            {
                                                "param": {
                                                    "children": [
                                                        {
                                                            "param": {
                                                                "value": "in.osm"
                                                            },
                                                            "param_index": 0
                                                        }
                                                    ],
                                                    "value": ".*\\.osm"
                                                },
                                                "param_index": 0
                                            }
                                        ],
                                        "value": "All"
                                    },
                                    "param_index": 0
                                }
                            ],
                            "value": "Last"
                        },
                        "param_index": 0
                    }
                ],
                "value": "ruby_inputfiles"
            },
            "param_index": 1
        },
        {
            "param": {
                "children": [
                    {
                        "param": {
                            "value": "-I"
                        },
                        "param_index": 0
                    },
                    {
                        "param": {
                            "value": "C:/Program Files (x86)/OpenStudio 1.5.0/Ruby"
                        },
                        "param_index": 1
                    }
                ],
                "value": "ruby_toolparameters"
            },
            "param_index": 2
        },
        {
            "param": {
                "children": [
                    {
                        "param": {
                            "children": [
                                {
                                    "param": {
                                        "children": [
                                            {
                                                "param": {
                                                    "value": ""
                                                },
                                                "param_index": 0
                                            }
                                        ],
                                        "value": "osm"
                                    },
                                    "param_index": 0
                                }
                            ],
                            "value": "osm"
                        },
                        "param_index": 0
                    }
                ],
                "value": "ruby_copyrequired"
            },
            "param_index": 3
        },
        {
            "param": {
                "children": [
                    {
                        "param": {
                            "children": [
                                {
                                    "param": {
                                        "value": "user_script.rb"
                                    },
                                    "param_index": 0
                                }
                            ],
                            "value": "C:/OS_BEopt_GitHub/OpenStudio-Beopt/PAT_Slab_Final/scripts/ProcessThermalMassPartitionWall/measure.rb"
                        },
                        "param_index": 0
                    },
                    {
                        "param": {
                            "children": [
                                {
                                    "param": {
                                        "value": "measure.rb"
                                    },
                                    "param_index": 0
                                }
                            ],
                            "value": "C:/OS_BEopt_GitHub/OpenStudio-Beopt/PAT_Slab_Final/scripts/ProcessThermalMassPartitionWall/measure.rb"
                        },
                        "param_index": 1
                    },
                    {
                        "param": {
                            "children": [
                                {
                                    "param": {
                                        "value": "resources/sim.rb"
                                    },
                                    "param_index": 0
                                }
                            ],
                            "value": "C:/OS_BEopt_GitHub/OpenStudio-Beopt/PAT_Slab_Final/scripts/ProcessThermalMassPartitionWall/resources/sim.rb"
                        },
                        "param_index": 2
                    },
                    {
                        "param": {
                            "children": [
                                {
                                    "param": {
                                        "value": "resources/util.rb"
                                    },
                                    "param_index": 0
                                }
                            ],
                            "value": "C:/OS_BEopt_GitHub/OpenStudio-Beopt/PAT_Slab_Final/scripts/ProcessThermalMassPartitionWall/resources/util.rb"
                        },
                        "param_index": 3
                    },
                    {
                        "param": {
                            "children": [
                                {
                                    "param": {
                                        "value": "resources/weather.rb"
                                    },
                                    "param_index": 0
                                }
                            ],
                            "value": "C:/OS_BEopt_GitHub/OpenStudio-Beopt/PAT_Slab_Final/scripts/ProcessThermalMassPartitionWall/resources/weather.rb"
                        },
                        "param_index": 4
                    }
                ],
                "value": "ruby_requiredfiles"
            },
            "param_index": 4
        },
        {
            "param": {
                "children": [
                    {
                        "param": {
                            "value": "{8c1453d3-fb35-42c5-8d6f-9bd1b44c72a3}"
                        },
                        "param_index": 0
                    }
                ],
                "value": "original_job_uuid"
            },
            "param_index": 5
        },
        {
            "param": {
                "children": [
                    {
                        "param": {
                            "value": "true"
                        },
                        "param_index": 0
                    }
                ],
                "value": "ruby_isuserscriptjob"
            },
            "param_index": 6
        },
        {
            "param": {
                "children": [
                    {
                        "param": {
                            "value": "C:/Program Files (x86)/OpenStudio 1.5.0/Ruby/openstudio/runmanager/rubyscripts/UserScriptAdapter.rb"
                        },
                        "param_index": 0
                    }
                ],
                "value": "ruby_scriptfile"
            },
            "param_index": 7
        },
        {
            "param": {
                "children": [
                    {
                        "param": {
                            "children": [
                                {
                                    "param": {
                                        "value": "{7bf22221-1930-4c89-baf9-02a6878c9ad4}"
                                    },
                                    "param_index": 0
                                }
                            ],
                            "value": "bcl_measure_uuid"
                        },
                        "param_index": 0
                    }
                ],
                "value": "ruby_bclmeasureparameters"
            },
            "param_index": 8
        }
    ],
    "metadata": {
        "openstudio_version": "1.5.0"
    }
}
