<measure>
  <schema_version>3.0</schema_version>
  <name>process_constructions_exterior_uninsulated_walls</name>
  <uid>ffe06b80-3296-436e-98b2-fe79b4c936de</uid>
  <version_id>6c453546-936c-47b7-ade1-148aebb27cd5</version_id>
  <xml_checksum>1E963D9C</xml_checksum>
  <class_name>ProcessConstructionsExteriorUninsulatedWalls</class_name>
  <display_name>ProcessConstructionsExteriorUninsulatedWalls</display_name>
  <description>This measure creates uninsulated, unfinished, stud and air constructions for the exterior walls of the attic and garage.</description>
  <modeler_description>Calculates material layer properties of uninsulated, unfinished, stud and air constructions for the exterior walls of the attic and garage. Finds surfaces adjacent to the attic and garage and sets applicable constructions.</modeler_description>
  <arguments>
    <argument>
      <name>selectedattic</name>
      <display_name>Of what space type is the attic?</display_name>
      <type>Choice</type>
      <required>false</required>
      <model_dependent>false</model_dependent>
    </argument>
    <argument>
      <name>selectedgarage</name>
      <display_name>Of what space type is the garage?</display_name>
      <type>Choice</type>
      <required>false</required>
      <model_dependent>false</model_dependent>
    </argument>
  </arguments>
  <provenances/>
  <tags>
    <tag>Envelope.Opaque</tag>
  </tags>
  <attributes>
    <attribute>
      <name>Measure Type</name>
      <value>ModelMeasure</value>
      <datatype>string</datatype>
    </attribute>
    <attribute>
      <name>Uses SketchUp API</name>
      <value>false</value>
      <datatype>boolean</datatype>
    </attribute>
  </attributes>
  <files>
    <file>
      <filename>ProcessConstructionsExteriorUninsulatedWalls_Test.rb</filename>
      <filetype>rb</filetype>
      <usage_type>test</usage_type>
      <checksum>2DF2E77C</checksum>
    </file>
    <file>
      <filename>util.rb</filename>
      <filetype>rb</filetype>
      <usage_type>resource</usage_type>
      <checksum>3D1ABA94</checksum>
    </file>
    <file>
      <filename>weather.rb</filename>
      <filetype>rb</filetype>
      <usage_type>resource</usage_type>
      <checksum>A38F0058</checksum>
    </file>
    <file>
      <version>
        <software_program>OpenStudio</software_program>
        <identifier>1.3.0</identifier>
        <min_compatible>1.3.0</min_compatible>
      </version>
      <filename>measure.rb</filename>
      <filetype>rb</filetype>
      <usage_type>script</usage_type>
      <checksum>B91A41BC</checksum>
    </file>
    <file>
      <filename>sim.rb</filename>
      <filetype>rb</filetype>
      <usage_type>resource</usage_type>
      <checksum>4719A345</checksum>
    </file>
  </files>
</measure>
