<measure>
  <schema_version>3.0</schema_version>
  <name>residential_refrigerator</name>
  <uid>96f1e9ca-41b9-4fb8-a219-57850e351500</uid>
  <version_id>2f645fbb-388e-4290-829f-9fd858c7f147</version_id>
  <xml_checksum>126F1C43</xml_checksum>
  <class_name>ResidentialRefrigerator</class_name>
  <display_name>ResidentialRefrigerator</display_name>
  <description>This measure adds a residential refrigerator to the building, with a schedule based on the Building America House Simulation Protocols (add reference). TODO: add the capability to do user defined schedules (monthly multiplier and weekday/weekend schedule)</description>
  <modeler_description>To add a residential refrigerator, select the appropriate refrigerator option from the drop down list. A user defined refrigerator can be defined based on it's rated energy use (kWh/yr)</modeler_description>
  <arguments>
    <argument>
      <name>selected_fridge</name>
      <display_name>Refrigerator Energy Consumption Option</display_name>
      <type>Choice</type>
      <required>true</required>
      <model_dependent>false</model_dependent>
      <choices>
        <choice>
          <value>Benchmark</value>
          <display_name>Benchmark</display_name>
        </choice>
        <choice>
          <value>Annual Energy Consumption</value>
          <display_name>Annual Energy Consumption</display_name>
        </choice>
      </choices>
    </argument>
    <argument>
      <name>fridge_E</name>
      <display_name>User Defined Refrigerator Annual Energy Consumption (kWh/yr)</display_name>
      <type>Double</type>
      <required>true</required>
      <model_dependent>false</model_dependent>
      <default_value>0</default_value>
    </argument>
    <argument>
      <name>BAB_mult</name>
      <display_name>Building America Benchmark Multiplier</display_name>
      <type>Double</type>
      <required>true</required>
      <model_dependent>false</model_dependent>
      <default_value>1</default_value>
    </argument>
    <argument>
      <name>space_type</name>
      <display_name>Select the space where the refrigerator is located</display_name>
      <type>Choice</type>
      <required>true</required>
      <model_dependent>false</model_dependent>
    </argument>
  </arguments>
  <provenances/>
  <tags>
    <tag>Equipment.Electric Equipment</tag>
  </tags>
  <attributes>
    <attribute>
      <name>Measure Type</name>
      <value>ModelMeasure</value>
      <datatype>string</datatype>
    </attribute>
    <attribute>
      <name>Uses SketchUp API</name>
      <value>false</value>
      <datatype>boolean</datatype>
    </attribute>
  </attributes>
  <files>
    <file>
      <filename>ResidentialRefrigerator_Test.rb</filename>
      <filetype>rb</filetype>
      <usage_type>test</usage_type>
      <checksum>4BBF53E0</checksum>
    </file>
    <file>
      <filename>util.rb</filename>
      <filetype>rb</filetype>
      <usage_type>resource</usage_type>
      <checksum>3D1ABA94</checksum>
    </file>
    <file>
      <version>
        <software_program>OpenStudio</software_program>
        <identifier>1.3.1</identifier>
        <min_compatible>1.3.1</min_compatible>
      </version>
      <filename>measure.rb</filename>
      <filetype>rb</filetype>
      <usage_type>script</usage_type>
      <checksum>4FF75E61</checksum>
    </file>
    <file>
      <filename>sim.rb</filename>
      <filetype>rb</filetype>
      <usage_type>resource</usage_type>
      <checksum>5E03A9C7</checksum>
    </file>
    <file>
      <filename>weather.rb</filename>
      <filetype>rb</filetype>
      <usage_type>resource</usage_type>
      <checksum>A38F0058</checksum>
    </file>
  </files>
</measure>
