{
  "301EnergyRatingIndexRuleset": {
    "calc_type": "HERS Reference Home",
    "hpxml_file_path": "C:/Users/shorowit/Documents/GitHub/OpenStudio-ERI/workflow/sample_files/valid.xml",
    "weather_file_path": "C:/Users/shorowit/Documents/GitHub/OpenStudio-ERI/workflow/sample_files/denver.epw",
    "measures_dir": "C:/Users/shorowit/Documents/GitHub/OpenStudio-ERI/resources/measures",
    "hpxml_output_file_path": "C:/Users/shorowit/Documents/GitHub/OpenStudio-ERI/workflow/results/HERSReferenceHome.xml",
    "applicable": true
  }
}