<measure>
  <schema_version>3.0</schema_version>
  <name>process_furnace</name>
  <uid>18ba60d7-82a7-45c7-a0ed-bafb828ca0e2</uid>
  <version_id>acd654a5-1c2c-4604-8d0e-3f377a73d73d</version_id>
  <xml_checksum>0DA5C9E6</xml_checksum>
  <class_name>ProcessFurnace</class_name>
  <display_name>ProcessFurnace</display_name>
  <description>Replace this text with an explanation of what the measure does in terms that can be understood by a general building professional audience (building owners, architects, engineers, contractors, etc.).  This description will be used to create reports aimed at convincing the owner and/or design team to implement the measure in the actual building design.  For this reason, the description may include details about how the measure would be implemented, along with explanations of qualitative benefits associated with the measure.  It is good practice to include citations in the measure if the description is taken from a known source or if specific benefits are listed.</description>
  <modeler_description>Replace this text with an explanation for the energy modeler specifically.  It should explain how the measure is modeled, including any requirements about how the baseline model must be set up, major assumptions, citations of references to applicable modeling resources, etc.  The energy modeler should be able to read this description and understand what changes the measure is making to the model and why these changes are being made.  Because the Modeler Description is written for an expert audience, using common abbreviations for brevity is good practice.</modeler_description>
  <arguments>
    <argument>
      <name>selectedliving</name>
      <display_name>Which is the living space zone?</display_name>
      <type>Choice</type>
      <required>true</required>
      <model_dependent>false</model_dependent>
    </argument>
    <argument>
      <name>selectedfbsmt</name>
      <display_name>Which is the finished basement zone?</display_name>
      <type>Choice</type>
      <required>false</required>
      <model_dependent>false</model_dependent>
    </argument>
    <argument>
      <name>userdefinedafue</name>
      <display_name>The installed Annual Fuel Utilization Efficiency (AFUE) of the furnace, which can be used to account for performance derating or degradation relative to the rated value. [Btu/Btu].</display_name>
      <type>Double</type>
      <required>true</required>
      <model_dependent>false</model_dependent>
      <default_value>0.78</default_value>
    </argument>
    <argument>
      <name>selectedfurnacecap</name>
      <display_name>Heating Output Capacity.</display_name>
      <type>Choice</type>
      <required>true</required>
      <model_dependent>false</model_dependent>
      <default_value>Autosize</default_value>
      <choices>
        <choice>
          <value>Autosize</value>
          <display_name>Autosize</display_name>
        </choice>
        <choice>
          <value>5 kBtu/hr</value>
          <display_name>5 kBtu/hr</display_name>
        </choice>
        <choice>
          <value>10 kBtu/hr</value>
          <display_name>10 kBtu/hr</display_name>
        </choice>
        <choice>
          <value>15 kBtu/hr</value>
          <display_name>15 kBtu/hr</display_name>
        </choice>
        <choice>
          <value>20 kBtu/hr</value>
          <display_name>20 kBtu/hr</display_name>
        </choice>
        <choice>
          <value>25 kBtu/hr</value>
          <display_name>25 kBtu/hr</display_name>
        </choice>
        <choice>
          <value>30 kBtu/hr</value>
          <display_name>30 kBtu/hr</display_name>
        </choice>
        <choice>
          <value>35 kBtu/hr</value>
          <display_name>35 kBtu/hr</display_name>
        </choice>
        <choice>
          <value>40 kBtu/hr</value>
          <display_name>40 kBtu/hr</display_name>
        </choice>
        <choice>
          <value>45 kBtu/hr</value>
          <display_name>45 kBtu/hr</display_name>
        </choice>
        <choice>
          <value>50 kBtu/hr</value>
          <display_name>50 kBtu/hr</display_name>
        </choice>
        <choice>
          <value>55 kBtu/hr</value>
          <display_name>55 kBtu/hr</display_name>
        </choice>
        <choice>
          <value>60 kBtu/hr</value>
          <display_name>60 kBtu/hr</display_name>
        </choice>
        <choice>
          <value>65 kBtu/hr</value>
          <display_name>65 kBtu/hr</display_name>
        </choice>
        <choice>
          <value>70 kBtu/hr</value>
          <display_name>70 kBtu/hr</display_name>
        </choice>
        <choice>
          <value>75 kBtu/hr</value>
          <display_name>75 kBtu/hr</display_name>
        </choice>
        <choice>
          <value>80 kBtu/hr</value>
          <display_name>80 kBtu/hr</display_name>
        </choice>
        <choice>
          <value>85 kBtu/hr</value>
          <display_name>85 kBtu/hr</display_name>
        </choice>
        <choice>
          <value>90 kBtu/hr</value>
          <display_name>90 kBtu/hr</display_name>
        </choice>
        <choice>
          <value>95 kBtu/hr</value>
          <display_name>95 kBtu/hr</display_name>
        </choice>
        <choice>
          <value>100 kBtu/hr</value>
          <display_name>100 kBtu/hr</display_name>
        </choice>
        <choice>
          <value>105 kBtu/hr</value>
          <display_name>105 kBtu/hr</display_name>
        </choice>
        <choice>
          <value>110 kBtu/hr</value>
          <display_name>110 kBtu/hr</display_name>
        </choice>
        <choice>
          <value>115 kBtu/hr</value>
          <display_name>115 kBtu/hr</display_name>
        </choice>
        <choice>
          <value>120 kBtu/hr</value>
          <display_name>120 kBtu/hr</display_name>
        </choice>
        <choice>
          <value>125 kBtu/hr</value>
          <display_name>125 kBtu/hr</display_name>
        </choice>
        <choice>
          <value>130 kBtu/hr</value>
          <display_name>130 kBtu/hr</display_name>
        </choice>
        <choice>
          <value>135 kBtu/hr</value>
          <display_name>135 kBtu/hr</display_name>
        </choice>
        <choice>
          <value>140 kBtu/hr</value>
          <display_name>140 kBtu/hr</display_name>
        </choice>
        <choice>
          <value>145 kBtu/hr</value>
          <display_name>145 kBtu/hr</display_name>
        </choice>
        <choice>
          <value>150 kBtu/hr</value>
          <display_name>150 kBtu/hr</display_name>
        </choice>
      </choices>
    </argument>
    <argument>
      <name>userdefinedmaxtemp</name>
      <display_name>Maximum supply air temperature [F].</display_name>
      <type>Double</type>
      <required>true</required>
      <model_dependent>false</model_dependent>
      <default_value>120</default_value>
    </argument>
    <argument>
      <name>selectedfurnacefuel</name>
      <display_name>Type of fuel used for heating.</display_name>
      <type>Choice</type>
      <required>true</required>
      <model_dependent>false</model_dependent>
      <default_value>gas</default_value>
      <choices>
        <choice>
          <value>gas</value>
          <display_name>gas</display_name>
        </choice>
        <choice>
          <value>electric</value>
          <display_name>electric</display_name>
        </choice>
      </choices>
    </argument>
  </arguments>
  <provenances/>
  <tags>
    <tag>HVAC.Heating</tag>
  </tags>
  <attributes>
    <attribute>
      <name>Measure Type</name>
      <value>ModelMeasure</value>
      <datatype>string</datatype>
    </attribute>
    <attribute>
      <name>Uses SketchUp API</name>
      <value>false</value>
      <datatype>boolean</datatype>
    </attribute>
  </attributes>
  <files>
    <file>
      <filename>ProcessFurnace_Test.rb</filename>
      <filetype>rb</filetype>
      <usage_type>test</usage_type>
      <checksum>E0F0A29D</checksum>
    </file>
    <file>
      <version>
        <software_program>OpenStudio</software_program>
        <identifier>1.4.0</identifier>
        <min_compatible>1.4.0</min_compatible>
      </version>
      <filename>measure.rb</filename>
      <filetype>rb</filetype>
      <usage_type>script</usage_type>
      <checksum>DD811476</checksum>
    </file>
    <file>
      <filename>sim.rb</filename>
      <filetype>rb</filetype>
      <usage_type>resource</usage_type>
      <checksum>AE5EF352</checksum>
    </file>
    <file>
      <filename>util.rb</filename>
      <filetype>rb</filetype>
      <usage_type>resource</usage_type>
      <checksum>3D1ABA94</checksum>
    </file>
    <file>
      <filename>weather.rb</filename>
      <filetype>rb</filetype>
      <usage_type>resource</usage_type>
      <checksum>6EA4777E</checksum>
    </file>
  </files>
</measure>
