<measure>
  <schema_version>3.0</schema_version>
  <name>process_thermal_mass_partition_wall</name>
  <uid>7bf22221-1930-4c89-baf9-02a6878c9ad4</uid>
  <version_id>8f42ca57-4493-4743-a00b-1f45362f7f1b</version_id>
  <xml_checksum>45097B60</xml_checksum>
  <class_name>ProcessThermalMassPartitionWall</class_name>
  <display_name>ProcessThermalMassPartitionWall</display_name>
  <description>This measure creates internal mass for partition walls in the living space and finished basement.</description>
  <modeler_description>This measure creates constructions representing the internal mass of partition walls in the living space and finished basement. The constructions are set to define the internal mass objects of their respective spaces.</modeler_description>
  <arguments>
    <argument>
      <name>selectedliving</name>
      <display_name>Of what space type is the living space?</display_name>
      <type>Choice</type>
      <required>true</required>
      <model_dependent>false</model_dependent>
    </argument>
    <argument>
      <name>selectedfbsmt</name>
      <display_name>Of what space type is the finished basement?</display_name>
      <type>Choice</type>
      <required>false</required>
      <model_dependent>false</model_dependent>
    </argument>
    <argument>
      <name>userdefinedpartitionwallmassth</name>
      <display_name>Partition wall mass thickness [in].</display_name>
      <type>Double</type>
      <required>false</required>
      <model_dependent>false</model_dependent>
      <default_value>0.5</default_value>
    </argument>
    <argument>
      <name>userdefinedpartitionwallmasscond</name>
      <display_name>Partition wall mass conductivity [Btu-in/h-ft^2-R].</display_name>
      <type>Double</type>
      <required>false</required>
      <model_dependent>false</model_dependent>
      <default_value>1.1112</default_value>
    </argument>
    <argument>
      <name>userdefinedpartitionwallmassdens</name>
      <display_name>Partition wall mass density [lb/ft^3].</display_name>
      <type>Double</type>
      <required>false</required>
      <model_dependent>false</model_dependent>
      <default_value>50</default_value>
    </argument>
    <argument>
      <name>userdefinedpartitionwallmasssh</name>
      <display_name>Partition wall mass specific heat [Btu/lb-R].</display_name>
      <type>Double</type>
      <required>false</required>
      <model_dependent>false</model_dependent>
      <default_value>0.2</default_value>
    </argument>
    <argument>
      <name>userdefinedpartitionwallfrac</name>
      <display_name>Ratio of exposed partition wall area to total conditioned floor area and accounts for the area of both sides of partition walls.</display_name>
      <type>Double</type>
      <required>false</required>
      <model_dependent>false</model_dependent>
      <default_value>1</default_value>
    </argument>
    <argument>
      <name>userdefinedlivingarea</name>
      <display_name>The area of the living space [ft^2].</display_name>
      <type>Double</type>
      <required>true</required>
      <model_dependent>false</model_dependent>
      <default_value>2700</default_value>
    </argument>
    <argument>
      <name>userdefinedfbsmtarea</name>
      <display_name>The area of the finished basement [ft^2].</display_name>
      <type>Double</type>
      <required>true</required>
      <model_dependent>false</model_dependent>
      <default_value>1200</default_value>
    </argument>
  </arguments>
  <provenances/>
  <tags>
    <tag>Envelope.Form</tag>
  </tags>
  <attributes>
    <attribute>
      <name>Measure Type</name>
      <value>ModelMeasure</value>
      <datatype>string</datatype>
    </attribute>
    <attribute>
      <name>Uses SketchUp API</name>
      <value>false</value>
      <datatype>boolean</datatype>
    </attribute>
  </attributes>
  <files>
    <file>
      <filename>ProcessThermalMassPartitionWall_Test.rb</filename>
      <filetype>rb</filetype>
      <usage_type>test</usage_type>
      <checksum>F8535F2F</checksum>
    </file>
    <file>
      <filename>util.rb</filename>
      <filetype>rb</filetype>
      <usage_type>resource</usage_type>
      <checksum>3D1ABA94</checksum>
    </file>
    <file>
      <filename>weather.rb</filename>
      <filetype>rb</filetype>
      <usage_type>resource</usage_type>
      <checksum>A38F0058</checksum>
    </file>
    <file>
      <version>
        <software_program>OpenStudio</software_program>
        <identifier>1.4.0</identifier>
        <min_compatible>1.4.0</min_compatible>
      </version>
      <filename>measure.rb</filename>
      <filetype>rb</filetype>
      <usage_type>script</usage_type>
      <checksum>B5F3B8BC</checksum>
    </file>
    <file>
      <filename>sim.rb</filename>
      <filetype>rb</filetype>
      <usage_type>resource</usage_type>
      <checksum>4719A345</checksum>
    </file>
  </files>
</measure>
