<measure>
  <schema_version>3.0</schema_version>
  <name>residential_dishwasher</name>
  <uid>09ea4570-4666-4a55-812f-5e90091f5325</uid>
  <version_id>525364ae-633c-47b2-a913-6bfb6ae592eb</version_id>
  <xml_checksum>126F1C43</xml_checksum>
  <class_name>ResidentialDishwasher</class_name>
  <display_name>ResidentialDishwasher</display_name>
  <description>Adds a dishwasher to the user selected space. The energy consumption can either be defined based on the Building America Benchmark dishwasher (which consumes 87.6 + 29.2 * Num_bedrooms kWh/yr and 2.26 + 0.75 * Num_bedrooms gal/day) or a user defined annual energy and hot water consumption. </description>
  <modeler_description>Adds an electric equipment object. TODO: SHould this add a hot water consumption object (once water heaters are added), or should the water heater measure have objects for has_dishwasher, etc.</modeler_description>
  <arguments>
    <argument>
      <name>selected_dw</name>
      <display_name>Dishwasher Energy Consumption Option</display_name>
      <type>Choice</type>
      <required>true</required>
      <model_dependent>false</model_dependent>
      <choices>
        <choice>
          <value>Benchmark</value>
          <display_name>Benchmark</display_name>
        </choice>
        <choice>
          <value>Simple</value>
          <display_name>Simple</display_name>
        </choice>
      </choices>
    </argument>
    <argument>
      <name>dw_E</name>
      <display_name>Simple Dishwasher Annual Energy Consumption (kWh/yr)</display_name>
      <type>Double</type>
      <required>true</required>
      <model_dependent>false</model_dependent>
      <default_value>0</default_value>
    </argument>
    <argument>
      <name>BAB_mult</name>
      <display_name>Building America Benchmark Multipler</display_name>
      <type>Double</type>
      <required>true</required>
      <model_dependent>false</model_dependent>
      <default_value>1</default_value>
    </argument>
    <argument>
      <name>Num_Br</name>
      <display_name>Number of Bedrooms</display_name>
      <type>Integer</type>
      <required>true</required>
      <model_dependent>false</model_dependent>
      <default_value>1</default_value>
    </argument>
    <argument>
      <name>space_type</name>
      <display_name>Select the space where the dishwasher is located</display_name>
      <type>Choice</type>
      <required>true</required>
      <model_dependent>false</model_dependent>
    </argument>
  </arguments>
  <provenances/>
  <tags>
    <tag>Equipment.Electric Equipment</tag>
  </tags>
  <attributes>
    <attribute>
      <name>Measure Type</name>
      <value>ModelMeasure</value>
      <datatype>string</datatype>
    </attribute>
    <attribute>
      <name>Uses SketchUp API</name>
      <value>false</value>
      <datatype>boolean</datatype>
    </attribute>
  </attributes>
  <files>
    <file>
      <filename>ResidentialDishwasher_Test.rb</filename>
      <filetype>rb</filetype>
      <usage_type>test</usage_type>
      <checksum>0B899055</checksum>
    </file>
    <file>
      <version>
        <software_program>OpenStudio</software_program>
        <identifier>1.4.0</identifier>
        <min_compatible>1.4.0</min_compatible>
      </version>
      <filename>measure.rb</filename>
      <filetype>rb</filetype>
      <usage_type>script</usage_type>
      <checksum>6C569EE2</checksum>
    </file>
    <file>
      <filename>util.rb</filename>
      <filetype>rb</filetype>
      <usage_type>resource</usage_type>
      <checksum>39852CD3</checksum>
    </file>
    <file>
      <filename>weather.rb</filename>
      <filetype>rb</filetype>
      <usage_type>resource</usage_type>
      <checksum>72EDEC43</checksum>
    </file>
    <file>
      <filename>sim.rb</filename>
      <filetype>rb</filetype>
      <usage_type>resource</usage_type>
      <checksum>DE989593</checksum>
    </file>
  </files>
</measure>
