<measure>
  <schema_version>3.0</schema_version>
  <name>process_constructions_interior_insulated_walls</name>
  <uid>944105aa-3789-447c-bf4b-ace7eadee2db</uid>
  <version_id>86512506-cba5-40aa-9753-e6c6f8bb072e</version_id>
  <xml_checksum>1E963D9C</xml_checksum>
  <class_name>ProcessConstructionsInteriorInsulatedWalls</class_name>
  <display_name>ProcessConstructionsInteriorInsulatedWalls</display_name>
  <description>This measure creates insulated constructions for the interzonal walls between the living space and the garage.</description>
  <modeler_description>Calculates material layer properties of insulated constructions for the interzonal walls between the living space and the garage. Finds surfaces adjacent to the living space and garage and sets applicable constructions.</modeler_description>
  <arguments>
    <argument>
      <name>selectedliving</name>
      <display_name>Of what space type is the living space?</display_name>
      <type>Choice</type>
      <required>true</required>
      <model_dependent>false</model_dependent>
    </argument>
    <argument>
      <name>selectedgarage</name>
      <display_name>Of what space type is the garage?</display_name>
      <type>Choice</type>
      <required>true</required>
      <model_dependent>false</model_dependent>
    </argument>
    <argument>
      <name>userdefinedpartitionwallmassth</name>
      <display_name>Partition wall mass thickness [in].</display_name>
      <type>Double</type>
      <required>false</required>
      <model_dependent>false</model_dependent>
      <default_value>0.5</default_value>
    </argument>
    <argument>
      <name>userdefinedpartitionwallmasscond</name>
      <display_name>Partition wall mass conductivity [Btu-in/h-ft^2-R].</display_name>
      <type>Double</type>
      <required>false</required>
      <model_dependent>false</model_dependent>
      <default_value>1.1112</default_value>
    </argument>
    <argument>
      <name>userdefinedpartitionwallmassdens</name>
      <display_name>Partition wall mass density [lb/ft^3].</display_name>
      <type>Double</type>
      <required>false</required>
      <model_dependent>false</model_dependent>
      <default_value>50</default_value>
    </argument>
    <argument>
      <name>userdefinedpartitionwallmasssh</name>
      <display_name>Partition wall mass specific heat [Btu/lb-R].</display_name>
      <type>Double</type>
      <required>false</required>
      <model_dependent>false</model_dependent>
      <default_value>0.2</default_value>
    </argument>
    <argument>
      <name>selectedstudsize</name>
      <display_name>Wood stud size of wall cavity.</display_name>
      <type>Choice</type>
      <required>true</required>
      <model_dependent>false</model_dependent>
      <choices>
        <choice>
          <value>2x4</value>
          <display_name>2x4</display_name>
        </choice>
        <choice>
          <value>2x6</value>
          <display_name>2x6</display_name>
        </choice>
        <choice>
          <value>2x8</value>
          <display_name>2x8</display_name>
        </choice>
        <choice>
          <value>2x10</value>
          <display_name>2x10</display_name>
        </choice>
        <choice>
          <value>2x12</value>
          <display_name>2x12</display_name>
        </choice>
        <choice>
          <value>2x14</value>
          <display_name>2x14</display_name>
        </choice>
      </choices>
    </argument>
    <argument>
      <name>selectedspacing</name>
      <display_name>Wood stud spacing of wall cavity.</display_name>
      <type>Choice</type>
      <required>true</required>
      <model_dependent>false</model_dependent>
      <choices>
        <choice>
          <value>16 in o.c.</value>
          <display_name>16 in o.c.</display_name>
        </choice>
        <choice>
          <value>24 in o.c.</value>
          <display_name>24 in o.c.</display_name>
        </choice>
      </choices>
    </argument>
    <argument>
      <name>userdefinedinstcavr</name>
      <display_name>Installed R-value of cavity insulation [hr-ft^2-R/Btu].</display_name>
      <type>Double</type>
      <required>true</required>
      <model_dependent>false</model_dependent>
    </argument>
    <argument>
      <name>selectedinstallgrade</name>
      <display_name>Insulation installation grade of wood stud wall cavity.</display_name>
      <type>Choice</type>
      <required>true</required>
      <model_dependent>false</model_dependent>
      <choices>
        <choice>
          <value>I</value>
          <display_name>I</display_name>
        </choice>
        <choice>
          <value>II</value>
          <display_name>II</display_name>
        </choice>
        <choice>
          <value>III</value>
          <display_name>III</display_name>
        </choice>
      </choices>
    </argument>
    <argument>
      <name>selectedinsfills</name>
      <display_name>Cavity insulation fills the cavity?</display_name>
      <type>Boolean</type>
      <required>true</required>
      <model_dependent>false</model_dependent>
      <choices>
        <choice>
          <value>true</value>
          <display_name>true</display_name>
        </choice>
        <choice>
          <value>false</value>
          <display_name>false</display_name>
        </choice>
      </choices>
    </argument>
    <argument>
      <name>userdefinedrigidinsthickness</name>
      <display_name>Rigid insulation thickness of wall cavity [in].</display_name>
      <type>Double</type>
      <required>false</required>
      <model_dependent>false</model_dependent>
      <default_value>0</default_value>
    </argument>
    <argument>
      <name>userdefinedrigidinsr</name>
      <display_name>Rigid insulation R-value of wall cavity [hr-ft^2-R/Btu].</display_name>
      <type>Double</type>
      <required>false</required>
      <model_dependent>false</model_dependent>
      <default_value>0</default_value>
    </argument>
  </arguments>
  <provenances/>
  <tags>
    <tag>Envelope.Opaque</tag>
  </tags>
  <attributes>
    <attribute>
      <name>Measure Type</name>
      <value>ModelMeasure</value>
      <datatype>string</datatype>
    </attribute>
    <attribute>
      <name>Uses SketchUp API</name>
      <value>false</value>
      <datatype>boolean</datatype>
    </attribute>
  </attributes>
  <files>
    <file>
      <filename>ProcessConstructionsInteriorInsulatedWalls_Test.rb</filename>
      <filetype>rb</filetype>
      <usage_type>test</usage_type>
      <checksum>151160D4</checksum>
    </file>
    <file>
      <filename>util.rb</filename>
      <filetype>rb</filetype>
      <usage_type>resource</usage_type>
      <checksum>3D1ABA94</checksum>
    </file>
    <file>
      <version>
        <software_program>OpenStudio</software_program>
        <identifier>1.4.0</identifier>
        <min_compatible>1.4.0</min_compatible>
      </version>
      <filename>measure.rb</filename>
      <filetype>rb</filetype>
      <usage_type>script</usage_type>
      <checksum>2FB714DE</checksum>
    </file>
    <file>
      <filename>sim.rb</filename>
      <filetype>rb</filetype>
      <usage_type>resource</usage_type>
      <checksum>5E03A9C7</checksum>
    </file>
    <file>
      <filename>weather.rb</filename>
      <filetype>rb</filetype>
      <usage_type>resource</usage_type>
      <checksum>A38F0058</checksum>
    </file>
  </files>
</measure>
