<measure>
  <schema_version>3.0</schema_version>
  <error>Sizes of choiceValues and choiceDisplayNames do not match</error>
  <name>process_heatingand_cooling_setpoints</name>
  <uid>2b167665-f760-462d-8c9d-1d909da7b628</uid>
  <version_id>646e39b6-1821-4156-b47d-30b57d90fa2a</version_id>
  <xml_checksum>2C877DEB</xml_checksum>
  <class_name>ProcessHeatingandCoolingSetpoints</class_name>
  <display_name>ProcessHeatingandCoolingSetpoints</display_name>
  <description>Replace this text with an explanation of what the measure does in terms that can be understood by a general building professional audience (building owners, architects, engineers, contractors, etc.).  This description will be used to create reports aimed at convincing the owner and/or design team to implement the measure in the actual building design.  For this reason, the description may include details about how the measure would be implemented, along with explanations of qualitative benefits associated with the measure.  It is good practice to include citations in the measure if the description is taken from a known source or if specific benefits are listed.</description>
  <modeler_description>Replace this text with an explanation for the energy modeler specifically.  It should explain how the measure is modeled, including any requirements about how the baseline model must be set up, major assumptions, citations of references to applicable modeling resources, etc.  The energy modeler should be able to read this description and understand what changes the measure is making to the model and why these changes are being made.  Because the Modeler Description is written for an expert audience, using common abbreviations for brevity is good practice.</modeler_description>
  <arguments/>
  <provenances/>
  <tags>
    <tag>HVAC.HVAC Controls</tag>
  </tags>
  <attributes>
    <attribute>
      <name>Measure Type</name>
      <value>ModelMeasure</value>
      <datatype>string</datatype>
    </attribute>
    <attribute>
      <name>Uses SketchUp API</name>
      <value>false</value>
      <datatype>boolean</datatype>
    </attribute>
  </attributes>
  <files>
    <file>
      <filename>ProcessHeatingandCoolingSetpoints_Test.rb</filename>
      <filetype>rb</filetype>
      <usage_type>test</usage_type>
      <checksum>7C73784F</checksum>
    </file>
    <file>
      <version>
        <software_program>OpenStudio</software_program>
        <identifier>1.4.0</identifier>
        <min_compatible>1.4.0</min_compatible>
      </version>
      <filename>measure.rb</filename>
      <filetype>rb</filetype>
      <usage_type>script</usage_type>
      <checksum>EC2124DD</checksum>
    </file>
    <file>
      <filename>sim.rb</filename>
      <filetype>rb</filetype>
      <usage_type>resource</usage_type>
      <checksum>AE5EF352</checksum>
    </file>
    <file>
      <filename>util.rb</filename>
      <filetype>rb</filetype>
      <usage_type>resource</usage_type>
      <checksum>3D1ABA94</checksum>
    </file>
    <file>
      <filename>weather.rb</filename>
      <filetype>rb</filetype>
      <usage_type>resource</usage_type>
      <checksum>6EA4777E</checksum>
    </file>
  </files>
</measure>
