<measure>
  <schema_version>3.0</schema_version>
  <name>process_heatingand_cooling_setpoints</name>
  <uid>2b167665-f760-462d-8c9d-1d909da7b628</uid>
  <version_id>7def746b-b439-4253-889b-2dcd42fe7af0</version_id>
  <xml_checksum>2C877DEB</xml_checksum>
  <class_name>ProcessHeatingandCoolingSetpoints</class_name>
  <display_name>ProcessHeatingandCoolingSetpoints</display_name>
  <description>This measure creates the heating setpoint and cooling setpoint schedules.</description>
  <modeler_description>This measure creates HeatingSetPoint and CoolingSetPoint ruleset objects. Schedule values are populated based on information input by the user as well as contained in the HeatingSeasonSchedule and CoolingSeasonSchedule. The heating and cooling setpoint schedules are added to the living zone's thermostat.</modeler_description>
  <arguments>
    <argument>
      <name>selectedliving</name>
      <display_name>Select the living zone.</display_name>
      <type>Choice</type>
      <required>true</required>
      <model_dependent>false</model_dependent>
    </argument>
    <argument>
      <name>userdefinedhsp</name>
      <display_name>Enter the constant heating setpoint [F].</display_name>
      <type>Double</type>
      <required>false</required>
      <model_dependent>false</model_dependent>
      <default_value>71</default_value>
    </argument>
    <argument>
      <name>userdefinedcsp</name>
      <display_name>Enter the constant cooling setpoint [F].</display_name>
      <type>Double</type>
      <required>false</required>
      <model_dependent>false</model_dependent>
      <default_value>76</default_value>
    </argument>
    <argument>
      <name>selectedheating</name>
      <display_name>The house has heating equipment.</display_name>
      <type>Boolean</type>
      <required>false</required>
      <model_dependent>false</model_dependent>
      <default_value>true</default_value>
      <choices>
        <choice>
          <value>true</value>
          <display_name>true</display_name>
        </choice>
        <choice>
          <value>false</value>
          <display_name>false</display_name>
        </choice>
      </choices>
    </argument>
    <argument>
      <name>selectedcooling</name>
      <display_name>The house has cooling equipment.</display_name>
      <type>Boolean</type>
      <required>false</required>
      <model_dependent>false</model_dependent>
      <default_value>true</default_value>
      <choices>
        <choice>
          <value>true</value>
          <display_name>true</display_name>
        </choice>
        <choice>
          <value>false</value>
          <display_name>false</display_name>
        </choice>
      </choices>
    </argument>
  </arguments>
  <provenances/>
  <tags>
    <tag>HVAC.HVAC Controls</tag>
  </tags>
  <attributes>
    <attribute>
      <name>Measure Type</name>
      <value>ModelMeasure</value>
      <datatype>string</datatype>
    </attribute>
    <attribute>
      <name>Uses SketchUp API</name>
      <value>false</value>
      <datatype>boolean</datatype>
    </attribute>
  </attributes>
  <files>
    <file>
      <filename>ProcessHeatingandCoolingSetpoints_Test.rb</filename>
      <filetype>rb</filetype>
      <usage_type>test</usage_type>
      <checksum>7C73784F</checksum>
    </file>
    <file>
      <filename>util.rb</filename>
      <filetype>rb</filetype>
      <usage_type>resource</usage_type>
      <checksum>3D1ABA94</checksum>
    </file>
    <file>
      <version>
        <software_program>OpenStudio</software_program>
        <identifier>1.4.0</identifier>
        <min_compatible>1.4.0</min_compatible>
      </version>
      <filename>measure.rb</filename>
      <filetype>rb</filetype>
      <usage_type>script</usage_type>
      <checksum>3CF07F17</checksum>
    </file>
    <file>
      <filename>sim.rb</filename>
      <filetype>rb</filetype>
      <usage_type>resource</usage_type>
      <checksum>5E03A9C7</checksum>
    </file>
    <file>
      <filename>weather.rb</filename>
      <filetype>rb</filetype>
      <usage_type>resource</usage_type>
      <checksum>A38F0058</checksum>
    </file>
  </files>
</measure>
