{
  "classname": "ProcessConstructionsGarageRoof",
  "name": "process_constructions_garage_roof",
  "display_name": "Process Constructions Garage Roof",
  "measure_type": "RubyMeasure",
  "arguments": [
    {
      "local_variable": "selected_garage",
      "variable_type": "Choice",
      "name": "selectedgarage",
      "display_name": "Of what space type is the garage",
      "units": null,
      "description": null,
      "choices": [

      ]
    },
    {
      "local_variable": "userdefined_hasradiantbarrier",
      "variable_type": "Bool",
      "name": "userdefinedhasradiantbarrier",
      "display_name": "Roof has radiant barrier",
      "units": null,
      "description": null
    },
    {
      "local_variable": "# selected_roofmat",
      "variable_type": "Choice",
      "name": "selectedroofmat",
      "display_name": "Roofing material for unfinished atticFor manually entering roofing material properties of unfinished attic, leave blank",
      "units": null,
      "description": null,
      "choices": [

      ]
    },
    {
      "local_variable": "userdefined_roofmatthermalabs",
      "variable_type": "Double",
      "name": "userdefinedroofmatthermalabs",
      "display_name": "Roofing material emissivity of unfinished attic",
      "units": null,
      "description": null,
      "default_value": 0.91
    },
    {
      "local_variable": "userdefined_roofmatabs",
      "variable_type": "Double",
      "name": "userdefinedroofmatabs",
      "display_name": "Roofing material absorptance of unfinished attic",
      "units": null,
      "description": null,
      "default_value": 0.85
    }
  ],
  "name_xml": "process_constructions_garage_roof",
  "uid": "bd1dcb8e-0d18-4ef0-8a52-cbef02ae9f4a",
  "version_id": "74439526-4afe-4b2d-b3a1-539582941cbe",
  "modeler_description": "Calculates material layer properties of uninsulated, unfinished, stud and air constructions for the garage roof. Finds surfaces adjacent to the garage and sets applicable constructions.",
  "description": "This measure creates uninsulated, unfinished, stud and air constructions for the garage roof.",
  "tags": [
    "Envelope.Opaque"
  ]
}