{
    "job_params": [
        {
            "param": {
                "children": [
                    {
                        "param": {
                            "value": "--argumentName=use_case"
                        },
                        "param_index": 0
                    },
                    {
                        "param": {
                            "value": "--argumentValue=General"
                        },
                        "param_index": 1
                    },
                    {
                        "param": {
                            "value": "--argumentName=number_of_bedrooms"
                        },
                        "param_index": 2
                    },
                    {
                        "param": {
                            "value": "--argumentValue=3"
                        },
                        "param_index": 3
                    },
                    {
                        "param": {
                            "value": "--argumentName=number_of_bathrooms"
                        },
                        "param_index": 4
                    },
                    {
                        "param": {
                            "value": "--argumentValue=2"
                        },
                        "param_index": 5
                    },
                    {
                        "param": {
                            "value": "--argumentName=existing_plant_loop_name"
                        },
                        "param_index": 6
                    },
                    {
                        "param": {
                            "value": "--argumentValue=New Plant Loop"
                        },
                        "param_index": 7
                    },
                    {
                        "param": {
                            "value": "--argumentName=storage_tank_volume"
                        },
                        "param_index": 8
                    },
                    {
                        "param": {
                            "value": "--argumentValue=40"
                        },
                        "param_index": 9
                    },
                    {
                        "param": {
                            "value": "--argumentName=shw_setpoint_temperature"
                        },
                        "param_index": 10
                    },
                    {
                        "param": {
                            "value": "--argumentValue=125"
                        },
                        "param_index": 11
                    },
                    {
                        "param": {
                            "value": "--argumentName=water_heater_location"
                        },
                        "param_index": 12
                    },
                    {
                        "param": {
                            "value": "--argumentValue=living"
                        },
                        "param_index": 13
                    },
                    {
                        "param": {
                            "value": "--argumentName=water_heater_capacity"
                        },
                        "param_index": 14
                    },
                    {
                        "param": {
                            "value": "--argumentValue=40"
                        },
                        "param_index": 15
                    },
                    {
                        "param": {
                            "value": "--argumentName=rated_energy_factor"
                        },
                        "param_index": 16
                    },
                    {
                        "param": {
                            "value": "--argumentValue=0.59"
                        },
                        "param_index": 17
                    },
                    {
                        "param": {
                            "value": "--argumentName=water_heater_recovery_efficiency"
                        },
                        "param_index": 18
                    },
                    {
                        "param": {
                            "value": "--argumentValue=0.8"
                        },
                        "param_index": 19
                    },
                    {
                        "param": {
                            "value": "--argumentName=water_heater_fuel_type"
                        },
                        "param_index": 20
                    },
                    {
                        "param": {
                            "value": "--argumentValue=Natural Gas"
                        },
                        "param_index": 21
                    }
                ],
                "value": "ruby_scriptparameters"
            },
            "param_index": 0
        },
        {
            "param": {
                "children": [
                    {
                        "param": {
                            "children": [
                                {
                                    "param": {
                                        "children": [
                                            {
                                                "param": {
                                                    "children": [
                                                        {
                                                            "param": {
                                                                "value": "in.osm"
                                                            },
                                                            "param_index": 0
                                                        }
                                                    ],
                                                    "value": ".*\\.osm"
                                                },
                                                "param_index": 0
                                            }
                                        ],
                                        "value": "All"
                                    },
                                    "param_index": 0
                                }
                            ],
                            "value": "Last"
                        },
                        "param_index": 0
                    }
                ],
                "value": "ruby_inputfiles"
            },
            "param_index": 1
        },
        {
            "param": {
                "children": [
                    {
                        "param": {
                            "value": "-I"
                        },
                        "param_index": 0
                    },
                    {
                        "param": {
                            "value": "C:/Program Files (x86)/OpenStudio 1.5.0/Ruby"
                        },
                        "param_index": 1
                    }
                ],
                "value": "ruby_toolparameters"
            },
            "param_index": 2
        },
        {
            "param": {
                "children": [
                    {
                        "param": {
                            "children": [
                                {
                                    "param": {
                                        "children": [
                                            {
                                                "param": {
                                                    "value": ""
                                                },
                                                "param_index": 0
                                            }
                                        ],
                                        "value": "osm"
                                    },
                                    "param_index": 0
                                }
                            ],
                            "value": "osm"
                        },
                        "param_index": 0
                    }
                ],
                "value": "ruby_copyrequired"
            },
            "param_index": 3
        },
        {
            "param": {
                "children": [
                    {
                        "param": {
                            "children": [
                                {
                                    "param": {
                                        "value": "user_script.rb"
                                    },
                                    "param_index": 0
                                }
                            ],
                            "value": "C:/OS_BEopt_GitHub/OpenStudio-Beopt/PAT_Slab_Final/scripts/AddOSWaterHeaterMixedStorageGas/measure.rb"
                        },
                        "param_index": 0
                    },
                    {
                        "param": {
                            "children": [
                                {
                                    "param": {
                                        "value": "resources/ba_protocol_table_8_page_13.rb"
                                    },
                                    "param_index": 0
                                }
                            ],
                            "value": "C:/OS_BEopt_GitHub/OpenStudio-Beopt/PAT_Slab_Final/scripts/AddOSWaterHeaterMixedStorageGas/resources/ba_protocol_table_8_page_13.rb"
                        },
                        "param_index": 1
                    },
                    {
                        "param": {
                            "children": [
                                {
                                    "param": {
                                        "value": "measure.rb"
                                    },
                                    "param_index": 0
                                }
                            ],
                            "value": "C:/OS_BEopt_GitHub/OpenStudio-Beopt/PAT_Slab_Final/scripts/AddOSWaterHeaterMixedStorageGas/measure.rb"
                        },
                        "param_index": 2
                    }
                ],
                "value": "ruby_requiredfiles"
            },
            "param_index": 4
        },
        {
            "param": {
                "children": [
                    {
                        "param": {
                            "value": "{757265f9-3d46-47b6-ac79-d9186b246c58}"
                        },
                        "param_index": 0
                    }
                ],
                "value": "original_job_uuid"
            },
            "param_index": 5
        },
        {
            "param": {
                "children": [
                    {
                        "param": {
                            "value": "true"
                        },
                        "param_index": 0
                    }
                ],
                "value": "ruby_isuserscriptjob"
            },
            "param_index": 6
        },
        {
            "param": {
                "children": [
                    {
                        "param": {
                            "value": "C:/Program Files (x86)/OpenStudio 1.5.0/Ruby/openstudio/runmanager/rubyscripts/UserScriptAdapter.rb"
                        },
                        "param_index": 0
                    }
                ],
                "value": "ruby_scriptfile"
            },
            "param_index": 7
        },
        {
            "param": {
                "children": [
                    {
                        "param": {
                            "children": [
                                {
                                    "param": {
                                        "value": "{0f2214ac-12ca-4350-9942-8d1fb1277608}"
                                    },
                                    "param_index": 0
                                }
                            ],
                            "value": "bcl_measure_uuid"
                        },
                        "param_index": 0
                    }
                ],
                "value": "ruby_bclmeasureparameters"
            },
            "param_index": 8
        }
    ],
    "metadata": {
        "openstudio_version": "1.5.0"
    }
}
