{
    "job_params": [
        {
            "param": {
                "children": [
                    {
                        "param": {
                            "value": "--argumentName=selected_ltg"
                        },
                        "param_index": 0
                    },
                    {
                        "param": {
                            "value": "--argumentValue=Benchmark"
                        },
                        "param_index": 1
                    },
                    {
                        "param": {
                            "value": "--argumentName=ltg_E"
                        },
                        "param_index": 2
                    },
                    {
                        "param": {
                            "value": "--argumentValue=0"
                        },
                        "param_index": 3
                    },
                    {
                        "param": {
                            "value": "--argumentName=outside_ltg"
                        },
                        "param_index": 4
                    },
                    {
                        "param": {
                            "value": "--argumentValue=true"
                        },
                        "param_index": 5
                    },
                    {
                        "param": {
                            "value": "--argumentName=garage_ltg"
                        },
                        "param_index": 6
                    },
                    {
                        "param": {
                            "value": "--argumentValue=true"
                        },
                        "param_index": 7
                    },
                    {
                        "param": {
                            "value": "--argumentName=fb_ltg"
                        },
                        "param_index": 8
                    },
                    {
                        "param": {
                            "value": "--argumentValue=false"
                        },
                        "param_index": 9
                    },
                    {
                        "param": {
                            "value": "--argumentName=cfa"
                        },
                        "param_index": 10
                    },
                    {
                        "param": {
                            "value": "--argumentValue=2700"
                        },
                        "param_index": 11
                    },
                    {
                        "param": {
                            "value": "--argumentName=gfa"
                        },
                        "param_index": 12
                    },
                    {
                        "param": {
                            "value": "--argumentValue=300"
                        },
                        "param_index": 13
                    },
                    {
                        "param": {
                            "value": "--argumentName=fbfa"
                        },
                        "param_index": 14
                    },
                    {
                        "param": {
                            "value": "--argumentValue=0"
                        },
                        "param_index": 15
                    },
                    {
                        "param": {
                            "value": "--argumentName=hw_cfl"
                        },
                        "param_index": 16
                    },
                    {
                        "param": {
                            "value": "--argumentValue=0"
                        },
                        "param_index": 17
                    },
                    {
                        "param": {
                            "value": "--argumentName=hw_led"
                        },
                        "param_index": 18
                    },
                    {
                        "param": {
                            "value": "--argumentValue=0"
                        },
                        "param_index": 19
                    },
                    {
                        "param": {
                            "value": "--argumentName=hw_lfl"
                        },
                        "param_index": 20
                    },
                    {
                        "param": {
                            "value": "--argumentValue=0"
                        },
                        "param_index": 21
                    },
                    {
                        "param": {
                            "value": "--argumentName=pg_cfl"
                        },
                        "param_index": 22
                    },
                    {
                        "param": {
                            "value": "--argumentValue=0"
                        },
                        "param_index": 23
                    },
                    {
                        "param": {
                            "value": "--argumentName=pg_led"
                        },
                        "param_index": 24
                    },
                    {
                        "param": {
                            "value": "--argumentValue=0"
                        },
                        "param_index": 25
                    },
                    {
                        "param": {
                            "value": "--argumentName=pg_lfl"
                        },
                        "param_index": 26
                    },
                    {
                        "param": {
                            "value": "--argumentValue=0"
                        },
                        "param_index": 27
                    },
                    {
                        "param": {
                            "value": "--argumentName=in_eff"
                        },
                        "param_index": 28
                    },
                    {
                        "param": {
                            "value": "--argumentValue=15"
                        },
                        "param_index": 29
                    },
                    {
                        "param": {
                            "value": "--argumentName=cfl_eff"
                        },
                        "param_index": 30
                    },
                    {
                        "param": {
                            "value": "--argumentValue=55"
                        },
                        "param_index": 31
                    },
                    {
                        "param": {
                            "value": "--argumentName=led_eff"
                        },
                        "param_index": 32
                    },
                    {
                        "param": {
                            "value": "--argumentValue=50"
                        },
                        "param_index": 33
                    },
                    {
                        "param": {
                            "value": "--argumentName=lfl_eff"
                        },
                        "param_index": 34
                    },
                    {
                        "param": {
                            "value": "--argumentValue=88"
                        },
                        "param_index": 35
                    },
                    {
                        "param": {
                            "value": "--argumentName=space_type"
                        },
                        "param_index": 36
                    },
                    {
                        "param": {
                            "value": "--argumentValue={8b94a914-1935-40aa-8088-83552c41418c}"
                        },
                        "param_index": 37
                    },
                    {
                        "param": {
                            "value": "--argumentName=grg_space_type"
                        },
                        "param_index": 38
                    },
                    {
                        "param": {
                            "value": "--argumentValue={eab99f83-1de2-4018-977e-9fa439e98977}"
                        },
                        "param_index": 39
                    }
                ],
                "value": "ruby_scriptparameters"
            },
            "param_index": 0
        },
        {
            "param": {
                "children": [
                    {
                        "param": {
                            "children": [
                                {
                                    "param": {
                                        "children": [
                                            {
                                                "param": {
                                                    "children": [
                                                        {
                                                            "param": {
                                                                "value": "in.osm"
                                                            },
                                                            "param_index": 0
                                                        }
                                                    ],
                                                    "value": ".*\\.osm"
                                                },
                                                "param_index": 0
                                            }
                                        ],
                                        "value": "All"
                                    },
                                    "param_index": 0
                                }
                            ],
                            "value": "Last"
                        },
                        "param_index": 0
                    }
                ],
                "value": "ruby_inputfiles"
            },
            "param_index": 1
        },
        {
            "param": {
                "children": [
                    {
                        "param": {
                            "value": "-I"
                        },
                        "param_index": 0
                    },
                    {
                        "param": {
                            "value": "C:/Program Files (x86)/OpenStudio 1.5.0/Ruby"
                        },
                        "param_index": 1
                    }
                ],
                "value": "ruby_toolparameters"
            },
            "param_index": 2
        },
        {
            "param": {
                "children": [
                    {
                        "param": {
                            "children": [
                                {
                                    "param": {
                                        "children": [
                                            {
                                                "param": {
                                                    "value": ""
                                                },
                                                "param_index": 0
                                            }
                                        ],
                                        "value": "osm"
                                    },
                                    "param_index": 0
                                }
                            ],
                            "value": "osm"
                        },
                        "param_index": 0
                    }
                ],
                "value": "ruby_copyrequired"
            },
            "param_index": 3
        },
        {
            "param": {
                "children": [
                    {
                        "param": {
                            "children": [
                                {
                                    "param": {
                                        "value": "user_script.rb"
                                    },
                                    "param_index": 0
                                }
                            ],
                            "value": "C:/Users/jmaguire/OpenStudio/Measures/ResidentialLighting/measure.rb"
                        },
                        "param_index": 0
                    },
                    {
                        "param": {
                            "children": [
                                {
                                    "param": {
                                        "value": "resources/util.rb"
                                    },
                                    "param_index": 0
                                }
                            ],
                            "value": "C:/Users/jmaguire/OpenStudio/Measures/ResidentialLighting/resources/util.rb"
                        },
                        "param_index": 1
                    },
                    {
                        "param": {
                            "children": [
                                {
                                    "param": {
                                        "value": "resources/weather.rb"
                                    },
                                    "param_index": 0
                                }
                            ],
                            "value": "C:/Users/jmaguire/OpenStudio/Measures/ResidentialLighting/resources/weather.rb"
                        },
                        "param_index": 2
                    },
                    {
                        "param": {
                            "children": [
                                {
                                    "param": {
                                        "value": "resources/sim.rb"
                                    },
                                    "param_index": 0
                                }
                            ],
                            "value": "C:/Users/jmaguire/OpenStudio/Measures/ResidentialLighting/resources/sim.rb"
                        },
                        "param_index": 3
                    },
                    {
                        "param": {
                            "children": [
                                {
                                    "param": {
                                        "value": "resources/os_lib_geometry.rb"
                                    },
                                    "param_index": 0
                                }
                            ],
                            "value": "C:/Users/jmaguire/OpenStudio/Measures/ResidentialLighting/resources/os_lib_geometry.rb"
                        },
                        "param_index": 4
                    },
                    {
                        "param": {
                            "children": [
                                {
                                    "param": {
                                        "value": "measure.rb"
                                    },
                                    "param_index": 0
                                }
                            ],
                            "value": "C:/Users/jmaguire/OpenStudio/Measures/ResidentialLighting/measure.rb"
                        },
                        "param_index": 5
                    }
                ],
                "value": "ruby_requiredfiles"
            },
            "param_index": 4
        },
        {
            "param": {
                "children": [
                    {
                        "param": {
                            "value": "{8247f288-488d-4362-93d3-7c9c7c765ec7}"
                        },
                        "param_index": 0
                    }
                ],
                "value": "original_job_uuid"
            },
            "param_index": 5
        },
        {
            "param": {
                "children": [
                    {
                        "param": {
                            "value": "true"
                        },
                        "param_index": 0
                    }
                ],
                "value": "ruby_isuserscriptjob"
            },
            "param_index": 6
        },
        {
            "param": {
                "children": [
                    {
                        "param": {
                            "value": "C:/Program Files (x86)/OpenStudio 1.5.0/Ruby/openstudio/runmanager/rubyscripts/UserScriptAdapter.rb"
                        },
                        "param_index": 0
                    }
                ],
                "value": "ruby_scriptfile"
            },
            "param_index": 7
        },
        {
            "param": {
                "children": [
                    {
                        "param": {
                            "children": [
                                {
                                    "param": {
                                        "value": "{2c69a60e-501a-4516-a253-725d23808b2d}"
                                    },
                                    "param_index": 0
                                }
                            ],
                            "value": "bcl_measure_uuid"
                        },
                        "param_index": 0
                    }
                ],
                "value": "ruby_bclmeasureparameters"
            },
            "param_index": 8
        }
    ],
    "metadata": {
        "openstudio_version": "1.5.0"
    }
}
